"{'Timestamp': '23-05-2022:12:50:09:070343', 'Gyro1': '90.22', 'Vx1': '0.002', 'Vy1': '0.012', 'Vz1': '0.0', 'Vm1': '0.012', 'Ax1': '0.0', 'Ay1': '-0.0', 'Az1': '0.0', 'Gyro2': '73.684', 'Vx2': '0.001', 'Vy2': '0.012', 'Vz2': '0.0', 'Vm2': '0.012', 'Ax2': '0.0', 'Ay2': '-0.0', 'Az2': '0.0', 'TheoV': '0.0', 'TheoA': '0.0'}"
"{'Timestamp': '23-05-2022:12:50:09:079533', 'Gyro1': '90.22', 'Vx1': '0.002', 'Vy1': '0.012', 'Vz1': '0.0', 'Vm1': '0.012', 'Ax1': '0.0', 'Ay1': '-0.0', 'Az1': '0.0', 'Gyro2': '73.684', 'Vx2': '0.001', 'Vy2': '0.012', 'Vz2': '0.0', 'Vm2': '0.012', 'Ax2': '0.0', 'Ay2': '-0.0', 'Az2': '0.0', 'TheoV': '0.0', 'TheoA': '0.0'}"
"{'Timestamp': '23-05-2022:12:50:09:089158', 'Gyro1': '90.22', 'Vx1': '0.002', 'Vy1': '0.012', 'Vz1': '0.0', 'Vm1': '0.012', 'Ax1': '0.0', 'Ay1': '-0.0', 'Az1': '0.0', 'Gyro2': '73.684', 'Vx2': '0.001', 'Vy2': '0.012', 'Vz2': '0.0', 'Vm2': '0.012', 'Ax2': '0.0', 'Ay2': '-0.0', 'Az2': '0.0', 'TheoV': '0.0', 'TheoA': '0.0'}"
"{'Timestamp': '23-05-2022:12:50:09:100647', 'Gyro1': '90.21', 'Vx1': '0.002', 'Vy1': '0.012', 'Vz1': '0.0', 'Vm1': '0.012', 'Ax1': '0.0', 'Ay1': '-0.0', 'Az1': '0.0', 'Gyro2': '73.684', 'Vx2': '0.001', 'Vy2': '0.012', 'Vz2': '0.0', 'Vm2': '0.012', 'Ax2': '0.0', 'Ay2': '-0.0', 'Az2': '0.0', 'TheoV': '-0.002', 'TheoA': '-0.182'}"
"{'Timestamp': '23-05-2022:12:50:09:112107', 'Gyro1': '90.21', 'Vx1': '0.002', 'Vy1': '0.012', 'Vz1': '0.0', 'Vm1': '0.012', 'Ax1': '0.0', 'Ay1': '-0.0', 'Az1': '0.0', 'Gyro2': '73.684', 'Vx2': '0.001', 'Vy2': '0.012', 'Vz2': '0.0', 'Vm2': '0.012', 'Ax2': '0.0', 'Ay2': '-0.0', 'Az2': '0.0', 'TheoV': '0.0', 'TheoA': '0.222'}"
"{'Timestamp': '23-05-2022:12:50:09:121209', 'Gyro1': '90.21', 'Vx1': '0.002', 'Vy1': '0.013', 'Vz1': '0.0', 'Vm1': '0.013', 'Ax1': '0.0', 'Ay1': '-0.0', 'Az1': '0.0', 'Gyro2': '73.684', 'Vx2': '0.001', 'Vy2': '0.013', 'Vz2': '0.0', 'Vm2': '0.013', 'Ax2': '0.0', 'Ay2': '-0.0', 'Az2': '0.0', 'TheoV': '0.0', 'TheoA': '0.0'}"
"{'Timestamp': '23-05-2022:12:50:09:132972', 'Gyro1': '90.21', 'Vx1': '0.002', 'Vy1': '0.013', 'Vz1': '0.0', 'Vm1': '0.013', 'Ax1': '0.0', 'Ay1': '-0.0', 'Az1': '0.0', 'Gyro2': '73.684', 'Vx2': '0.001', 'Vy2': '0.013', 'Vz2': '0.0', 'Vm2': '0.013', 'Ax2': '0.0', 'Ay2': '-0.0', 'Az2': '0.0', 'TheoV': '0.0', 'TheoA': '0.0'}"
"{'Timestamp': '23-05-2022:12:50:09:141197', 'Gyro1': '90.21', 'Vx1': '0.002', 'Vy1': '0.013', 'Vz1': '0.0', 'Vm1': '0.013', 'Ax1': '0.0', 'Ay1': '-0.0', 'Az1': '0.0', 'Gyro2': '73.684', 'Vx2': '0.001', 'Vy2': '0.013', 'Vz2': '0.0', 'Vm2': '0.013', 'Ax2': '0.0', 'Ay2': '-0.0', 'Az2': '0.0', 'TheoV': '0.0', 'TheoA': '0.0'}"
"{'Timestamp': '23-05-2022:12:50:09:151775', 'Gyro1': '90.21', 'Vx1': '0.002', 'Vy1': '0.013', 'Vz1': '0.0', 'Vm1': '0.013', 'Ax1': '0.0', 'Ay1': '-0.0', 'Az1': '0.0', 'Gyro2': '73.684', 'Vx2': '0.001', 'Vy2': '0.013', 'Vz2': '0.0', 'Vm2': '0.013', 'Ax2': '0.0', 'Ay2': '-0.0', 'Az2': '0.0', 'TheoV': '0.0', 'TheoA': '0.0'}"
"{'Timestamp': '23-05-2022:12:50:09:159700', 'Gyro1': '90.21', 'Vx1': '0.002', 'Vy1': '0.013', 'Vz1': '0.0', 'Vm1': '0.013', 'Ax1': '0.0', 'Ay1': '-0.0', 'Az1': '0.0', 'Gyro2': '73.684', 'Vx2': '0.001', 'Vy2': '0.013', 'Vz2': '0.0', 'Vm2': '0.013', 'Ax2': '0.0', 'Ay2': '-0.0', 'Az2': '0.0', 'TheoV': '0.0', 'TheoA': '0.0'}"
"{'Timestamp': '23-05-2022:12:50:09:170099', 'Gyro1': '90.21', 'Vx1': '0.002', 'Vy1': '0.014', 'Vz1': '0.0', 'Vm1': '0.014', 'Ax1': '0.0', 'Ay1': '-0.0', 'Az1': '0.0', 'Gyro2': '73.684', 'Vx2': '0.001', 'Vy2': '0.014', 'Vz2': '0.0', 'Vm2': '0.014', 'Ax2': '0.0', 'Ay2': '-0.0', 'Az2': '0.0', 'TheoV': '0.0', 'TheoA': '0.0'}"
"{'Timestamp': '23-05-2022:12:50:09:181175', 'Gyro1': '90.21', 'Vx1': '0.002', 'Vy1': '0.014', 'Vz1': '0.0', 'Vm1': '0.014', 'Ax1': '0.0', 'Ay1': '-0.0', 'Az1': '0.0', 'Gyro2': '73.684', 'Vx2': '0.001', 'Vy2': '0.014', 'Vz2': '0.0', 'Vm2': '0.014', 'Ax2': '0.0', 'Ay2': '-0.0', 'Az2': '0.0', 'TheoV': '0.0', 'TheoA': '0.0'}"
"{'Timestamp': '23-05-2022:12:50:09:193077', 'Gyro1': '90.21', 'Vx1': '0.002', 'Vy1': '0.014', 'Vz1': '0.0', 'Vm1': '0.014', 'Ax1': '0.0', 'Ay1': '-0.0', 'Az1': '0.0', 'Gyro2': '73.684', 'Vx2': '0.001', 'Vy2': '0.014', 'Vz2': '0.0', 'Vm2': '0.014', 'Ax2': '0.0', 'Ay2': '-0.0', 'Az2': '0.0', 'TheoV': '0.0', 'TheoA': '0.0'}"
"{'Timestamp': '23-05-2022:12:50:09:200155', 'Gyro1': '90.21', 'Vx1': '0.002', 'Vy1': '0.014', 'Vz1': '0.0', 'Vm1': '0.014', 'Ax1': '0.0', 'Ay1': '-0.0', 'Az1': '0.0', 'Gyro2': '73.684', 'Vx2': '0.001', 'Vy2': '0.014', 'Vz2': '0.0', 'Vm2': '0.014', 'Ax2': '0.0', 'Ay2': '-0.0', 'Az2': '0.0', 'TheoV': '0.0', 'TheoA': '0.0'}"
"{'Timestamp': '23-05-2022:12:50:09:217042', 'Gyro1': '90.21', 'Vx1': '0.002', 'Vy1': '0.015', 'Vz1': '0.0', 'Vm1': '0.015', 'Ax1': '0.0', 'Ay1': '-0.0', 'Az1': '0.0', 'Gyro2': '73.684', 'Vx2': '0.001', 'Vy2': '0.015', 'Vz2': '0.0', 'Vm2': '0.015', 'Ax2': '0.0', 'Ay2': '-0.0', 'Az2': '0.0', 'TheoV': '0.0', 'TheoA': '0.0'}"
"{'Timestamp': '23-05-2022:12:50:09:223504', 'Gyro1': '90.21', 'Vx1': '0.002', 'Vy1': '0.015', 'Vz1': '0.0', 'Vm1': '0.015', 'Ax1': '0.0', 'Ay1': '-0.0', 'Az1': '0.0', 'Gyro2': '73.684', 'Vx2': '0.001', 'Vy2': '0.015', 'Vz2': '0.0', 'Vm2': '0.015', 'Ax2': '0.0', 'Ay2': '-0.0', 'Az2': '0.0', 'TheoV': '0.0', 'TheoA': '0.0'}"
"{'Timestamp': '23-05-2022:12:50:09:231359', 'Gyro1': '90.21', 'Vx1': '0.002', 'Vy1': '0.015', 'Vz1': '0.0', 'Vm1': '0.015', 'Ax1': '0.0', 'Ay1': '-0.0', 'Az1': '0.0', 'Gyro2': '73.684', 'Vx2': '0.001', 'Vy2': '0.015', 'Vz2': '0.0', 'Vm2': '0.015', 'Ax2': '0.0', 'Ay2': '-0.0', 'Az2': '0.0', 'TheoV': '0.0', 'TheoA': '0.0'}"
"{'Timestamp': '23-05-2022:12:50:09:239646', 'Gyro1': '90.21', 'Vx1': '0.002', 'Vy1': '0.015', 'Vz1': '0.0', 'Vm1': '0.015', 'Ax1': '0.0', 'Ay1': '-0.0', 'Az1': '0.0', 'Gyro2': '73.684', 'Vx2': '0.001', 'Vy2': '0.015', 'Vz2': '0.0', 'Vm2': '0.015', 'Ax2': '0.0', 'Ay2': '-0.0', 'Az2': '0.0', 'TheoV': '0.0', 'TheoA': '0.0'}"
"{'Timestamp': '23-05-2022:12:50:09:249305', 'Gyro1': '90.21', 'Vx1': '0.002', 'Vy1': '0.015', 'Vz1': '0.0', 'Vm1': '0.015', 'Ax1': '0.0', 'Ay1': '-0.0', 'Az1': '0.0', 'Gyro2': '73.684', 'Vx2': '0.001', 'Vy2': '0.015', 'Vz2': '0.0', 'Vm2': '0.015', 'Ax2': '0.0', 'Ay2': '-0.0', 'Az2': '0.0', 'TheoV': '0.0', 'TheoA': '0.0'}"
"{'Timestamp': '23-05-2022:12:50:09:259346', 'Gyro1': '90.21', 'Vx1': '0.002', 'Vy1': '0.015', 'Vz1': '0.0', 'Vm1': '0.015', 'Ax1': '0.0', 'Ay1': '-0.0', 'Az1': '0.0', 'Gyro2': '73.684', 'Vx2': '0.001', 'Vy2': '0.015', 'Vz2': '0.0', 'Vm2': '0.015', 'Ax2': '0.0', 'Ay2': '-0.0', 'Az2': '0.0', 'TheoV': '0.0', 'TheoA': '0.0'}"
"{'Timestamp': '23-05-2022:12:50:09:271483', 'Gyro1': '90.21', 'Vx1': '0.002', 'Vy1': '0.016', 'Vz1': '0.0', 'Vm1': '0.016', 'Ax1': '0.0', 'Ay1': '-0.0', 'Az1': '0.0', 'Gyro2': '73.684', 'Vx2': '0.001', 'Vy2': '0.016', 'Vz2': '0.0', 'Vm2': '0.016', 'Ax2': '0.0', 'Ay2': '-0.0', 'Az2': '0.0', 'TheoV': '0.0', 'TheoA': '0.0'}"
"{'Timestamp': '23-05-2022:12:50:09:280001', 'Gyro1': '90.21', 'Vx1': '0.002', 'Vy1': '0.016', 'Vz1': '0.0', 'Vm1': '0.016', 'Ax1': '0.0', 'Ay1': '-0.0', 'Az1': '0.0', 'Gyro2': '73.684', 'Vx2': '0.001', 'Vy2': '0.016', 'Vz2': '0.0', 'Vm2': '0.016', 'Ax2': '0.0', 'Ay2': '-0.0', 'Az2': '0.0', 'TheoV': '0.0', 'TheoA': '0.0'}"
"{'Timestamp': '23-05-2022:12:50:09:290190', 'Gyro1': '90.21', 'Vx1': '0.002', 'Vy1': '0.016', 'Vz1': '0.0', 'Vm1': '0.016', 'Ax1': '0.0', 'Ay1': '-0.0', 'Az1': '0.0', 'Gyro2': '73.684', 'Vx2': '0.001', 'Vy2': '0.016', 'Vz2': '0.0', 'Vm2': '0.016', 'Ax2': '0.0', 'Ay2': '-0.0', 'Az2': '0.0', 'TheoV': '0.0', 'TheoA': '0.0'}"
"{'Timestamp': '23-05-2022:12:50:09:299258', 'Gyro1': '90.21', 'Vx1': '0.002', 'Vy1': '0.016', 'Vz1': '0.0', 'Vm1': '0.016', 'Ax1': '0.0', 'Ay1': '-0.0', 'Az1': '0.0', 'Gyro2': '73.684', 'Vx2': '0.001', 'Vy2': '0.016', 'Vz2': '0.0', 'Vm2': '0.016', 'Ax2': '0.0', 'Ay2': '-0.0', 'Az2': '0.0', 'TheoV': '0.0', 'TheoA': '0.0'}"
"{'Timestamp': '23-05-2022:12:50:09:311314', 'Gyro1': '90.21', 'Vx1': '0.002', 'Vy1': '0.016', 'Vz1': '0.0', 'Vm1': '0.016', 'Ax1': '0.0', 'Ay1': '-0.0', 'Az1': '0.0', 'Gyro2': '73.684', 'Vx2': '0.001', 'Vy2': '0.016', 'Vz2': '0.0', 'Vm2': '0.016', 'Ax2': '0.0', 'Ay2': '-0.0', 'Az2': '0.0', 'TheoV': '0.0', 'TheoA': '0.0'}"
"{'Timestamp': '23-05-2022:12:50:09:320052', 'Gyro1': '90.21', 'Vx1': '0.002', 'Vy1': '0.017', 'Vz1': '0.0', 'Vm1': '0.017', 'Ax1': '0.0', 'Ay1': '-0.0', 'Az1': '0.0', 'Gyro2': '73.684', 'Vx2': '0.001', 'Vy2': '0.017', 'Vz2': '0.0', 'Vm2': '0.017', 'Ax2': '0.0', 'Ay2': '-0.0', 'Az2': '0.0', 'TheoV': '0.0', 'TheoA': '0.0'}"
"{'Timestamp': '23-05-2022:12:50:09:330357', 'Gyro1': '90.21', 'Vx1': '0.002', 'Vy1': '0.017', 'Vz1': '0.0', 'Vm1': '0.017', 'Ax1': '0.0', 'Ay1': '-0.0', 'Az1': '0.0', 'Gyro2': '73.684', 'Vx2': '0.001', 'Vy2': '0.017', 'Vz2': '0.0', 'Vm2': '0.017', 'Ax2': '0.0', 'Ay2': '-0.0', 'Az2': '0.0', 'TheoV': '0.0', 'TheoA': '0.0'}"
"{'Timestamp': '23-05-2022:12:50:09:339764', 'Gyro1': '90.21', 'Vx1': '0.002', 'Vy1': '0.017', 'Vz1': '0.0', 'Vm1': '0.017', 'Ax1': '0.0', 'Ay1': '-0.0', 'Az1': '0.0', 'Gyro2': '73.684', 'Vx2': '0.001', 'Vy2': '0.017', 'Vz2': '0.0', 'Vm2': '0.017', 'Ax2': '0.0', 'Ay2': '-0.0', 'Az2': '0.0', 'TheoV': '0.0', 'TheoA': '0.0'}"
"{'Timestamp': '23-05-2022:12:50:09:350709', 'Gyro1': '90.21', 'Vx1': '0.002', 'Vy1': '0.017', 'Vz1': '0.0', 'Vm1': '0.017', 'Ax1': '0.0', 'Ay1': '-0.0', 'Az1': '0.0', 'Gyro2': '73.684', 'Vx2': '0.001', 'Vy2': '0.017', 'Vz2': '0.0', 'Vm2': '0.017', 'Ax2': '0.0', 'Ay2': '-0.0', 'Az2': '0.0', 'TheoV': '0.0', 'TheoA': '0.0'}"
"{'Timestamp': '23-05-2022:12:50:09:359861', 'Gyro1': '90.21', 'Vx1': '0.002', 'Vy1': '0.017', 'Vz1': '0.0', 'Vm1': '0.017', 'Ax1': '0.0', 'Ay1': '-0.0', 'Az1': '0.0', 'Gyro2': '73.684', 'Vx2': '0.001', 'Vy2': '0.017', 'Vz2': '0.0', 'Vm2': '0.017', 'Ax2': '0.0', 'Ay2': '-0.0', 'Az2': '0.0', 'TheoV': '0.0', 'TheoA': '0.0'}"
"{'Timestamp': '23-05-2022:12:50:09:369956', 'Gyro1': '90.21', 'Vx1': '0.002', 'Vy1': '0.018', 'Vz1': '0.0', 'Vm1': '0.018', 'Ax1': '0.0', 'Ay1': '-0.0', 'Az1': '0.0', 'Gyro2': '73.684', 'Vx2': '0.001', 'Vy2': '0.018', 'Vz2': '0.0', 'Vm2': '0.018', 'Ax2': '0.0', 'Ay2': '-0.0', 'Az2': '0.0', 'TheoV': '0.0', 'TheoA': '0.0'}"
"{'Timestamp': '23-05-2022:12:50:09:380166', 'Gyro1': '90.21', 'Vx1': '0.002', 'Vy1': '0.018', 'Vz1': '0.0', 'Vm1': '0.018', 'Ax1': '0.0', 'Ay1': '-0.0', 'Az1': '0.0', 'Gyro2': '73.684', 'Vx2': '0.001', 'Vy2': '0.018', 'Vz2': '0.0', 'Vm2': '0.018', 'Ax2': '0.0', 'Ay2': '-0.0', 'Az2': '0.0', 'TheoV': '0.0', 'TheoA': '0.0'}"
"{'Timestamp': '23-05-2022:12:50:09:390628', 'Gyro1': '90.21', 'Vx1': '0.002', 'Vy1': '0.018', 'Vz1': '0.0', 'Vm1': '0.018', 'Ax1': '0.0', 'Ay1': '-0.0', 'Az1': '0.0', 'Gyro2': '73.684', 'Vx2': '0.001', 'Vy2': '0.018', 'Vz2': '0.0', 'Vm2': '0.018', 'Ax2': '0.0', 'Ay2': '-0.0', 'Az2': '0.0', 'TheoV': '0.0', 'TheoA': '0.0'}"
"{'Timestamp': '23-05-2022:12:50:09:399991', 'Gyro1': '90.21', 'Vx1': '0.002', 'Vy1': '0.018', 'Vz1': '0.0', 'Vm1': '0.018', 'Ax1': '0.0', 'Ay1': '-0.0', 'Az1': '0.0', 'Gyro2': '73.684', 'Vx2': '0.001', 'Vy2': '0.018', 'Vz2': '0.0', 'Vm2': '0.018', 'Ax2': '0.0', 'Ay2': '-0.0', 'Az2': '0.0', 'TheoV': '0.0', 'TheoA': '0.0'}"
"{'Timestamp': '23-05-2022:12:50:09:410355', 'Gyro1': '90.21', 'Vx1': '0.002', 'Vy1': '0.018', 'Vz1': '0.0', 'Vm1': '0.018', 'Ax1': '0.0', 'Ay1': '-0.0', 'Az1': '0.0', 'Gyro2': '73.684', 'Vx2': '0.001', 'Vy2': '0.018', 'Vz2': '0.0', 'Vm2': '0.018', 'Ax2': '0.0', 'Ay2': '-0.0', 'Az2': '0.0', 'TheoV': '0.0', 'TheoA': '0.0'}"
"{'Timestamp': '23-05-2022:12:50:09:419413', 'Gyro1': '90.21', 'Vx1': '0.002', 'Vy1': '0.019', 'Vz1': '0.0', 'Vm1': '0.019', 'Ax1': '0.0', 'Ay1': '-0.0', 'Az1': '0.0', 'Gyro2': '73.684', 'Vx2': '0.001', 'Vy2': '0.019', 'Vz2': '0.0', 'Vm2': '0.019', 'Ax2': '0.0', 'Ay2': '-0.0', 'Az2': '0.0', 'TheoV': '0.0', 'TheoA': '0.0'}"
"{'Timestamp': '23-05-2022:12:50:09:430991', 'Gyro1': '90.21', 'Vx1': '0.002', 'Vy1': '0.019', 'Vz1': '0.0', 'Vm1': '0.019', 'Ax1': '0.0', 'Ay1': '-0.0', 'Az1': '0.0', 'Gyro2': '73.694', 'Vx2': '0.001', 'Vy2': '0.019', 'Vz2': '0.0', 'Vm2': '0.019', 'Ax2': '0.0', 'Ay2': '-0.0', 'Az2': '0.0', 'TheoV': '0.0', 'TheoA': '0.0'}"
"{'Timestamp': '23-05-2022:12:50:09:440295', 'Gyro1': '90.21', 'Vx1': '0.002', 'Vy1': '0.019', 'Vz1': '0.0', 'Vm1': '0.019', 'Ax1': '0.0', 'Ay1': '-0.0', 'Az1': '0.0', 'Gyro2': '73.694', 'Vx2': '0.001', 'Vy2': '0.019', 'Vz2': '0.0', 'Vm2': '0.019', 'Ax2': '0.0', 'Ay2': '-0.0', 'Az2': '0.0', 'TheoV': '0.0', 'TheoA': '0.0'}"
"{'Timestamp': '23-05-2022:12:50:09:449980', 'Gyro1': '90.21', 'Vx1': '0.002', 'Vy1': '0.019', 'Vz1': '0.0', 'Vm1': '0.019', 'Ax1': '0.0', 'Ay1': '-0.0', 'Az1': '0.0', 'Gyro2': '73.694', 'Vx2': '0.001', 'Vy2': '0.019', 'Vz2': '0.0', 'Vm2': '0.019', 'Ax2': '0.0', 'Ay2': '-0.0', 'Az2': '0.0', 'TheoV': '0.0', 'TheoA': '0.0'}"
"{'Timestamp': '23-05-2022:12:50:09:459815', 'Gyro1': '90.21', 'Vx1': '0.002', 'Vy1': '0.019', 'Vz1': '0.0', 'Vm1': '0.019', 'Ax1': '0.0', 'Ay1': '-0.0', 'Az1': '0.0', 'Gyro2': '73.694', 'Vx2': '0.001', 'Vy2': '0.019', 'Vz2': '0.0', 'Vm2': '0.019', 'Ax2': '0.0', 'Ay2': '-0.0', 'Az2': '0.0', 'TheoV': '0.0', 'TheoA': '0.0'}"
"{'Timestamp': '23-05-2022:12:50:09:471592', 'Gyro1': '90.21', 'Vx1': '0.002', 'Vy1': '0.02', 'Vz1': '0.0', 'Vm1': '0.02', 'Ax1': '0.0', 'Ay1': '-0.0', 'Az1': '0.0', 'Gyro2': '73.694', 'Vx2': '0.001', 'Vy2': '0.02', 'Vz2': '0.0', 'Vm2': '0.02', 'Ax2': '0.0', 'Ay2': '-0.0', 'Az2': '0.0', 'TheoV': '0.0', 'TheoA': '0.0'}"
"{'Timestamp': '23-05-2022:12:50:09:480230', 'Gyro1': '90.21', 'Vx1': '0.002', 'Vy1': '0.02', 'Vz1': '0.0', 'Vm1': '0.02', 'Ax1': '0.0', 'Ay1': '-0.0', 'Az1': '0.0', 'Gyro2': '73.694', 'Vx2': '0.001', 'Vy2': '0.02', 'Vz2': '0.0', 'Vm2': '0.02', 'Ax2': '0.0', 'Ay2': '-0.0', 'Az2': '0.0', 'TheoV': '0.0', 'TheoA': '0.0'}"
"{'Timestamp': '23-05-2022:12:50:09:490272', 'Gyro1': '90.21', 'Vx1': '0.002', 'Vy1': '0.02', 'Vz1': '0.0', 'Vm1': '0.02', 'Ax1': '0.0', 'Ay1': '-0.0', 'Az1': '0.0', 'Gyro2': '73.694', 'Vx2': '0.001', 'Vy2': '0.02', 'Vz2': '0.0', 'Vm2': '0.02', 'Ax2': '0.0', 'Ay2': '-0.0', 'Az2': '0.0', 'TheoV': '0.0', 'TheoA': '0.0'}"
"{'Timestamp': '23-05-2022:12:50:09:499202', 'Gyro1': '90.21', 'Vx1': '0.002', 'Vy1': '0.02', 'Vz1': '0.0', 'Vm1': '0.02', 'Ax1': '0.0', 'Ay1': '-0.0', 'Az1': '0.0', 'Gyro2': '73.694', 'Vx2': '0.001', 'Vy2': '0.02', 'Vz2': '0.0', 'Vm2': '0.02', 'Ax2': '0.0', 'Ay2': '-0.0', 'Az2': '0.0', 'TheoV': '0.0', 'TheoA': '0.0'}"
"{'Timestamp': '23-05-2022:12:50:09:511289', 'Gyro1': '90.21', 'Vx1': '0.002', 'Vy1': '0.02', 'Vz1': '0.0', 'Vm1': '0.02', 'Ax1': '0.0', 'Ay1': '-0.0', 'Az1': '0.0', 'Gyro2': '73.694', 'Vx2': '0.001', 'Vy2': '0.02', 'Vz2': '0.0', 'Vm2': '0.02', 'Ax2': '0.0', 'Ay2': '-0.0', 'Az2': '0.0', 'TheoV': '0.0', 'TheoA': '0.0'}"
"{'Timestamp': '23-05-2022:12:50:09:520087', 'Gyro1': '90.21', 'Vx1': '0.002', 'Vy1': '0.021', 'Vz1': '0.0', 'Vm1': '0.021', 'Ax1': '0.0', 'Ay1': '-0.0', 'Az1': '0.0', 'Gyro2': '73.694', 'Vx2': '0.001', 'Vy2': '0.021', 'Vz2': '0.0', 'Vm2': '0.021', 'Ax2': '0.0', 'Ay2': '-0.0', 'Az2': '0.0', 'TheoV': '0.0', 'TheoA': '0.0'}"
"{'Timestamp': '23-05-2022:12:50:09:530066', 'Gyro1': '90.21', 'Vx1': '0.002', 'Vy1': '0.021', 'Vz1': '0.0', 'Vm1': '0.021', 'Ax1': '0.0', 'Ay1': '-0.0', 'Az1': '0.0', 'Gyro2': '73.694', 'Vx2': '0.001', 'Vy2': '0.021', 'Vz2': '0.0', 'Vm2': '0.021', 'Ax2': '0.0', 'Ay2': '-0.0', 'Az2': '0.0', 'TheoV': '0.0', 'TheoA': '0.0'}"
"{'Timestamp': '23-05-2022:12:50:09:540865', 'Gyro1': '90.21', 'Vx1': '0.002', 'Vy1': '0.021', 'Vz1': '0.0', 'Vm1': '0.021', 'Ax1': '0.0', 'Ay1': '-0.0', 'Az1': '0.0', 'Gyro2': '73.694', 'Vx2': '0.001', 'Vy2': '0.021', 'Vz2': '0.0', 'Vm2': '0.021', 'Ax2': '0.0', 'Ay2': '-0.0', 'Az2': '0.0', 'TheoV': '0.0', 'TheoA': '0.0'}"
"{'Timestamp': '23-05-2022:12:50:09:550165', 'Gyro1': '90.21', 'Vx1': '0.002', 'Vy1': '0.021', 'Vz1': '0.0', 'Vm1': '0.021', 'Ax1': '0.0', 'Ay1': '-0.0', 'Az1': '0.0', 'Gyro2': '73.694', 'Vx2': '0.001', 'Vy2': '0.021', 'Vz2': '0.0', 'Vm2': '0.021', 'Ax2': '0.0', 'Ay2': '-0.0', 'Az2': '0.0', 'TheoV': '0.0', 'TheoA': '0.0'}"
"{'Timestamp': '23-05-2022:12:50:09:560341', 'Gyro1': '90.21', 'Vx1': '0.002', 'Vy1': '0.021', 'Vz1': '0.0', 'Vm1': '0.021', 'Ax1': '0.0', 'Ay1': '-0.0', 'Az1': '0.0', 'Gyro2': '73.694', 'Vx2': '0.001', 'Vy2': '0.021', 'Vz2': '0.0', 'Vm2': '0.021', 'Ax2': '0.0', 'Ay2': '-0.0', 'Az2': '0.0', 'TheoV': '0.0', 'TheoA': '0.0'}"
"{'Timestamp': '23-05-2022:12:50:09:569693', 'Gyro1': '90.21', 'Vx1': '0.002', 'Vy1': '0.022', 'Vz1': '0.0', 'Vm1': '0.022', 'Ax1': '0.0', 'Ay1': '-0.0', 'Az1': '0.0', 'Gyro2': '73.694', 'Vx2': '0.001', 'Vy2': '0.022', 'Vz2': '0.0', 'Vm2': '0.022', 'Ax2': '0.0', 'Ay2': '-0.0', 'Az2': '0.0', 'TheoV': '0.0', 'TheoA': '0.0'}"
"{'Timestamp': '23-05-2022:12:50:09:580264', 'Gyro1': '90.21', 'Vx1': '0.002', 'Vy1': '0.022', 'Vz1': '0.0', 'Vm1': '0.022', 'Ax1': '0.0', 'Ay1': '-0.0', 'Az1': '0.0', 'Gyro2': '73.694', 'Vx2': '0.001', 'Vy2': '0.022', 'Vz2': '0.0', 'Vm2': '0.022', 'Ax2': '0.0', 'Ay2': '-0.0', 'Az2': '0.0', 'TheoV': '0.0', 'TheoA': '0.0'}"
"{'Timestamp': '23-05-2022:12:50:09:590845', 'Gyro1': '90.2', 'Vx1': '0.002', 'Vy1': '0.022', 'Vz1': '0.0', 'Vm1': '0.022', 'Ax1': '0.0', 'Ay1': '-0.0', 'Az1': '0.0', 'Gyro2': '73.694', 'Vx2': '0.001', 'Vy2': '0.022', 'Vz2': '0.0', 'Vm2': '0.022', 'Ax2': '0.0', 'Ay2': '-0.0', 'Az2': '0.0', 'TheoV': '-0.002', 'TheoA': '-0.182'}"
"{'Timestamp': '23-05-2022:12:50:09:612313', 'Gyro1': '90.2', 'Vx1': '0.002', 'Vy1': '0.022', 'Vz1': '0.0', 'Vm1': '0.022', 'Ax1': '0.0', 'Ay1': '-0.0', 'Az1': '0.0', 'Gyro2': '73.694', 'Vx2': '0.001', 'Vy2': '0.022', 'Vz2': '0.0', 'Vm2': '0.022', 'Ax2': '0.0', 'Ay2': '-0.0', 'Az2': '0.0', 'TheoV': '0.0', 'TheoA': '0.095'}"
"{'Timestamp': '23-05-2022:12:50:09:648605', 'Gyro1': '90.2', 'Vx1': '0.002', 'Vy1': '0.023', 'Vz1': '0.0', 'Vm1': '0.023', 'Ax1': '0.0', 'Ay1': '-0.0', 'Az1': '0.0', 'Gyro2': '73.694', 'Vx2': '0.001', 'Vy2': '0.023', 'Vz2': '0.0', 'Vm2': '0.023', 'Ax2': '0.0', 'Ay2': '-0.0', 'Az2': '0.0', 'TheoV': '0.0', 'TheoA': '0.0'}"
"{'Timestamp': '23-05-2022:12:50:09:659365', 'Gyro1': '90.2', 'Vx1': '0.002', 'Vy1': '0.023', 'Vz1': '0.0', 'Vm1': '0.023', 'Ax1': '0.0', 'Ay1': '-0.0', 'Az1': '0.0', 'Gyro2': '73.694', 'Vx2': '0.001', 'Vy2': '0.023', 'Vz2': '0.0', 'Vm2': '0.023', 'Ax2': '0.0', 'Ay2': '-0.0', 'Az2': '0.0', 'TheoV': '0.0', 'TheoA': '0.0'}"
"{'Timestamp': '23-05-2022:12:50:09:670652', 'Gyro1': '90.2', 'Vx1': '0.002', 'Vy1': '0.024', 'Vz1': '0.0', 'Vm1': '0.024', 'Ax1': '0.0', 'Ay1': '-0.0', 'Az1': '0.0', 'Gyro2': '73.694', 'Vx2': '0.001', 'Vy2': '0.024', 'Vz2': '0.0', 'Vm2': '0.024', 'Ax2': '0.0', 'Ay2': '-0.0', 'Az2': '0.0', 'TheoV': '0.0', 'TheoA': '0.0'}"
"{'Timestamp': '23-05-2022:12:50:09:680116', 'Gyro1': '90.2', 'Vx1': '0.002', 'Vy1': '0.024', 'Vz1': '0.0', 'Vm1': '0.024', 'Ax1': '0.0', 'Ay1': '-0.0', 'Az1': '0.0', 'Gyro2': '73.694', 'Vx2': '0.001', 'Vy2': '0.024', 'Vz2': '0.0', 'Vm2': '0.024', 'Ax2': '0.0', 'Ay2': '-0.0', 'Az2': '0.0', 'TheoV': '0.0', 'TheoA': '0.0'}"
"{'Timestamp': '23-05-2022:12:50:09:689534', 'Gyro1': '90.2', 'Vx1': '0.002', 'Vy1': '0.024', 'Vz1': '0.0', 'Vm1': '0.024', 'Ax1': '0.0', 'Ay1': '-0.0', 'Az1': '0.0', 'Gyro2': '73.694', 'Vx2': '0.001', 'Vy2': '0.024', 'Vz2': '0.0', 'Vm2': '0.024', 'Ax2': '0.0', 'Ay2': '-0.0', 'Az2': '0.0', 'TheoV': '0.0', 'TheoA': '0.0'}"
"{'Timestamp': '23-05-2022:12:50:09:700780', 'Gyro1': '90.2', 'Vx1': '0.002', 'Vy1': '0.024', 'Vz1': '0.0', 'Vm1': '0.024', 'Ax1': '0.0', 'Ay1': '-0.0', 'Az1': '0.0', 'Gyro2': '73.694', 'Vx2': '0.001', 'Vy2': '0.024', 'Vz2': '0.0', 'Vm2': '0.024', 'Ax2': '0.0', 'Ay2': '-0.0', 'Az2': '0.0', 'TheoV': '0.0', 'TheoA': '0.0'}"
"{'Timestamp': '23-05-2022:12:50:09:710663', 'Gyro1': '90.2', 'Vx1': '0.002', 'Vy1': '0.024', 'Vz1': '0.0', 'Vm1': '0.024', 'Ax1': '0.0', 'Ay1': '-0.0', 'Az1': '0.0', 'Gyro2': '73.694', 'Vx2': '0.001', 'Vy2': '0.024', 'Vz2': '0.0', 'Vm2': '0.024', 'Ax2': '0.0', 'Ay2': '-0.0', 'Az2': '0.0', 'TheoV': '0.0', 'TheoA': '0.0'}"
"{'Timestamp': '23-05-2022:12:50:09:719843', 'Gyro1': '90.2', 'Vx1': '0.002', 'Vy1': '0.025', 'Vz1': '0.0', 'Vm1': '0.025', 'Ax1': '0.0', 'Ay1': '-0.0', 'Az1': '0.0', 'Gyro2': '73.694', 'Vx2': '0.001', 'Vy2': '0.025', 'Vz2': '0.0', 'Vm2': '0.025', 'Ax2': '0.0', 'Ay2': '-0.0', 'Az2': '0.0', 'TheoV': '0.0', 'TheoA': '0.0'}"
"{'Timestamp': '23-05-2022:12:50:09:729071', 'Gyro1': '90.2', 'Vx1': '0.002', 'Vy1': '0.025', 'Vz1': '0.0', 'Vm1': '0.025', 'Ax1': '0.0', 'Ay1': '-0.0', 'Az1': '0.0', 'Gyro2': '73.694', 'Vx2': '0.001', 'Vy2': '0.025', 'Vz2': '0.0', 'Vm2': '0.025', 'Ax2': '0.0', 'Ay2': '-0.0', 'Az2': '0.0', 'TheoV': '0.0', 'TheoA': '0.0'}"
"{'Timestamp': '23-05-2022:12:50:09:739110', 'Gyro1': '90.2', 'Vx1': '0.002', 'Vy1': '0.025', 'Vz1': '0.0', 'Vm1': '0.025', 'Ax1': '0.0', 'Ay1': '-0.0', 'Az1': '0.0', 'Gyro2': '73.694', 'Vx2': '0.001', 'Vy2': '0.025', 'Vz2': '0.0', 'Vm2': '0.025', 'Ax2': '0.0', 'Ay2': '-0.0', 'Az2': '0.0', 'TheoV': '0.0', 'TheoA': '0.0'}"
"{'Timestamp': '23-05-2022:12:50:09:750067', 'Gyro1': '90.2', 'Vx1': '0.002', 'Vy1': '0.025', 'Vz1': '0.0', 'Vm1': '0.025', 'Ax1': '0.0', 'Ay1': '-0.0', 'Az1': '0.0', 'Gyro2': '73.694', 'Vx2': '0.001', 'Vy2': '0.025', 'Vz2': '0.0', 'Vm2': '0.025', 'Ax2': '0.0', 'Ay2': '-0.0', 'Az2': '0.0', 'TheoV': '0.0', 'TheoA': '0.0'}"
"{'Timestamp': '23-05-2022:12:50:09:759884', 'Gyro1': '90.2', 'Vx1': '0.002', 'Vy1': '0.025', 'Vz1': '0.0', 'Vm1': '0.025', 'Ax1': '-0.0', 'Ay1': '-0.0', 'Az1': '0.0', 'Gyro2': '73.694', 'Vx2': '0.001', 'Vy2': '0.025', 'Vz2': '0.0', 'Vm2': '0.025', 'Ax2': '0.0', 'Ay2': '-0.0', 'Az2': '0.0', 'TheoV': '0.0', 'TheoA': '0.0'}"
"{'Timestamp': '23-05-2022:12:50:09:768758', 'Gyro1': '90.2', 'Vx1': '0.002', 'Vy1': '0.026', 'Vz1': '0.0', 'Vm1': '0.026', 'Ax1': '-0.0', 'Ay1': '-0.0', 'Az1': '0.0', 'Gyro2': '73.694', 'Vx2': '0.001', 'Vy2': '0.026', 'Vz2': '0.0', 'Vm2': '0.026', 'Ax2': '0.0', 'Ay2': '-0.0', 'Az2': '0.0', 'TheoV': '0.0', 'TheoA': '0.0'}"
"{'Timestamp': '23-05-2022:12:50:09:780021', 'Gyro1': '90.2', 'Vx1': '0.002', 'Vy1': '0.026', 'Vz1': '0.0', 'Vm1': '0.026', 'Ax1': '-0.0', 'Ay1': '-0.0', 'Az1': '0.0', 'Gyro2': '73.694', 'Vx2': '0.001', 'Vy2': '0.026', 'Vz2': '0.0', 'Vm2': '0.026', 'Ax2': '0.0', 'Ay2': '-0.0', 'Az2': '0.0', 'TheoV': '0.0', 'TheoA': '0.0'}"
"{'Timestamp': '23-05-2022:12:50:09:790381', 'Gyro1': '90.2', 'Vx1': '0.002', 'Vy1': '0.026', 'Vz1': '0.0', 'Vm1': '0.026', 'Ax1': '-0.0', 'Ay1': '-0.0', 'Az1': '0.0', 'Gyro2': '73.694', 'Vx2': '0.001', 'Vy2': '0.026', 'Vz2': '0.0', 'Vm2': '0.026', 'Ax2': '0.0', 'Ay2': '-0.0', 'Az2': '0.0', 'TheoV': '0.0', 'TheoA': '0.0'}"
"{'Timestamp': '23-05-2022:12:50:09:799916', 'Gyro1': '90.2', 'Vx1': '0.002', 'Vy1': '0.026', 'Vz1': '0.0', 'Vm1': '0.026', 'Ax1': '-0.0', 'Ay1': '-0.0', 'Az1': '0.0', 'Gyro2': '73.694', 'Vx2': '0.001', 'Vy2': '0.026', 'Vz2': '0.0', 'Vm2': '0.026', 'Ax2': '0.0', 'Ay2': '-0.0', 'Az2': '0.0', 'TheoV': '0.0', 'TheoA': '0.0'}"
"{'Timestamp': '23-05-2022:12:50:09:809270', 'Gyro1': '90.2', 'Vx1': '0.002', 'Vy1': '0.026', 'Vz1': '0.0', 'Vm1': '0.026', 'Ax1': '0.0', 'Ay1': '-0.0', 'Az1': '0.0', 'Gyro2': '73.694', 'Vx2': '0.001', 'Vy2': '0.026', 'Vz2': '0.0', 'Vm2': '0.026', 'Ax2': '0.0', 'Ay2': '-0.0', 'Az2': '0.0', 'TheoV': '0.0', 'TheoA': '0.0'}"
"{'Timestamp': '23-05-2022:12:50:09:819781', 'Gyro1': '90.2', 'Vx1': '0.002', 'Vy1': '0.027', 'Vz1': '0.0', 'Vm1': '0.027', 'Ax1': '0.0', 'Ay1': '-0.0', 'Az1': '0.0', 'Gyro2': '73.694', 'Vx2': '0.001', 'Vy2': '0.027', 'Vz2': '0.0', 'Vm2': '0.027', 'Ax2': '0.0', 'Ay2': '-0.0', 'Az2': '0.0', 'TheoV': '0.0', 'TheoA': '0.0'}"
"{'Timestamp': '23-05-2022:12:50:09:829979', 'Gyro1': '90.2', 'Vx1': '0.002', 'Vy1': '0.027', 'Vz1': '0.0', 'Vm1': '0.027', 'Ax1': '0.0', 'Ay1': '-0.0', 'Az1': '0.0', 'Gyro2': '73.694', 'Vx2': '0.001', 'Vy2': '0.027', 'Vz2': '0.0', 'Vm2': '0.027', 'Ax2': '0.0', 'Ay2': '-0.0', 'Az2': '0.0', 'TheoV': '0.0', 'TheoA': '0.0'}"
"{'Timestamp': '23-05-2022:12:50:09:839464', 'Gyro1': '90.2', 'Vx1': '0.002', 'Vy1': '0.027', 'Vz1': '0.0', 'Vm1': '0.027', 'Ax1': '0.0', 'Ay1': '-0.0', 'Az1': '0.0', 'Gyro2': '73.694', 'Vx2': '0.001', 'Vy2': '0.027', 'Vz2': '0.0', 'Vm2': '0.027', 'Ax2': '0.0', 'Ay2': '-0.0', 'Az2': '0.0', 'TheoV': '0.0', 'TheoA': '0.0'}"
"{'Timestamp': '23-05-2022:12:50:09:849880', 'Gyro1': '90.2', 'Vx1': '0.002', 'Vy1': '0.027', 'Vz1': '0.0', 'Vm1': '0.027', 'Ax1': '0.0', 'Ay1': '-0.0', 'Az1': '0.0', 'Gyro2': '73.694', 'Vx2': '0.001', 'Vy2': '0.027', 'Vz2': '0.0', 'Vm2': '0.027', 'Ax2': '0.0', 'Ay2': '-0.0', 'Az2': '0.0', 'TheoV': '0.0', 'TheoA': '0.0'}"
"{'Timestamp': '23-05-2022:12:50:09:858871', 'Gyro1': '90.2', 'Vx1': '0.002', 'Vy1': '0.027', 'Vz1': '0.0', 'Vm1': '0.027', 'Ax1': '0.0', 'Ay1': '-0.0', 'Az1': '0.0', 'Gyro2': '73.694', 'Vx2': '0.001', 'Vy2': '0.027', 'Vz2': '0.0', 'Vm2': '0.027', 'Ax2': '0.0', 'Ay2': '-0.0', 'Az2': '0.0', 'TheoV': '0.0', 'TheoA': '0.0'}"
"{'Timestamp': '23-05-2022:12:50:09:869950', 'Gyro1': '90.2', 'Vx1': '0.002', 'Vy1': '0.028', 'Vz1': '0.0', 'Vm1': '0.028', 'Ax1': '0.0', 'Ay1': '-0.0', 'Az1': '0.0', 'Gyro2': '73.694', 'Vx2': '0.001', 'Vy2': '0.028', 'Vz2': '0.0', 'Vm2': '0.028', 'Ax2': '0.0', 'Ay2': '-0.0', 'Az2': '0.0', 'TheoV': '0.0', 'TheoA': '0.0'}"
"{'Timestamp': '23-05-2022:12:50:09:879093', 'Gyro1': '90.2', 'Vx1': '0.002', 'Vy1': '0.028', 'Vz1': '0.0', 'Vm1': '0.028', 'Ax1': '0.0', 'Ay1': '-0.0', 'Az1': '0.0', 'Gyro2': '73.694', 'Vx2': '0.001', 'Vy2': '0.028', 'Vz2': '0.0', 'Vm2': '0.028', 'Ax2': '0.0', 'Ay2': '-0.0', 'Az2': '0.0', 'TheoV': '0.0', 'TheoA': '0.0'}"
"{'Timestamp': '23-05-2022:12:50:09:889411', 'Gyro1': '90.2', 'Vx1': '0.002', 'Vy1': '0.028', 'Vz1': '0.0', 'Vm1': '0.028', 'Ax1': '0.0', 'Ay1': '-0.0', 'Az1': '0.0', 'Gyro2': '73.694', 'Vx2': '0.001', 'Vy2': '0.028', 'Vz2': '0.0', 'Vm2': '0.028', 'Ax2': '0.0', 'Ay2': '-0.0', 'Az2': '0.0', 'TheoV': '0.0', 'TheoA': '0.0'}"
"{'Timestamp': '23-05-2022:12:50:09:899889', 'Gyro1': '90.2', 'Vx1': '0.002', 'Vy1': '0.028', 'Vz1': '0.0', 'Vm1': '0.028', 'Ax1': '0.0', 'Ay1': '-0.0', 'Az1': '0.0', 'Gyro2': '73.694', 'Vx2': '0.001', 'Vy2': '0.028', 'Vz2': '0.0', 'Vm2': '0.028', 'Ax2': '0.0', 'Ay2': '-0.0', 'Az2': '0.0', 'TheoV': '0.0', 'TheoA': '0.0'}"
"{'Timestamp': '23-05-2022:12:50:09:910261', 'Gyro1': '90.2', 'Vx1': '0.002', 'Vy1': '0.028', 'Vz1': '0.0', 'Vm1': '0.028', 'Ax1': '0.0', 'Ay1': '-0.0', 'Az1': '0.0', 'Gyro2': '73.694', 'Vx2': '0.001', 'Vy2': '0.028', 'Vz2': '0.0', 'Vm2': '0.028', 'Ax2': '0.0', 'Ay2': '-0.0', 'Az2': '0.0', 'TheoV': '0.0', 'TheoA': '0.0'}"
"{'Timestamp': '23-05-2022:12:50:09:919724', 'Gyro1': '90.2', 'Vx1': '0.002', 'Vy1': '0.029', 'Vz1': '0.0', 'Vm1': '0.029', 'Ax1': '0.0', 'Ay1': '-0.0', 'Az1': '0.0', 'Gyro2': '73.694', 'Vx2': '0.001', 'Vy2': '0.029', 'Vz2': '0.0', 'Vm2': '0.029', 'Ax2': '0.0', 'Ay2': '-0.0', 'Az2': '0.0', 'TheoV': '0.0', 'TheoA': '0.0'}"
"{'Timestamp': '23-05-2022:12:50:09:929045', 'Gyro1': '90.2', 'Vx1': '0.002', 'Vy1': '0.029', 'Vz1': '0.0', 'Vm1': '0.029', 'Ax1': '0.0', 'Ay1': '-0.0', 'Az1': '0.0', 'Gyro2': '73.694', 'Vx2': '0.001', 'Vy2': '0.029', 'Vz2': '0.0', 'Vm2': '0.029', 'Ax2': '0.0', 'Ay2': '-0.0', 'Az2': '0.0', 'TheoV': '0.0', 'TheoA': '0.0'}"
"{'Timestamp': '23-05-2022:12:50:09:939489', 'Gyro1': '90.2', 'Vx1': '0.002', 'Vy1': '0.029', 'Vz1': '0.0', 'Vm1': '0.029', 'Ax1': '0.0', 'Ay1': '-0.0', 'Az1': '0.0', 'Gyro2': '73.694', 'Vx2': '0.001', 'Vy2': '0.029', 'Vz2': '0.0', 'Vm2': '0.029', 'Ax2': '0.0', 'Ay2': '-0.0', 'Az2': '0.0', 'TheoV': '0.0', 'TheoA': '0.0'}"
"{'Timestamp': '23-05-2022:12:50:09:950624', 'Gyro1': '90.2', 'Vx1': '0.002', 'Vy1': '0.029', 'Vz1': '0.0', 'Vm1': '0.029', 'Ax1': '0.0', 'Ay1': '-0.0', 'Az1': '0.0', 'Gyro2': '73.694', 'Vx2': '0.001', 'Vy2': '0.029', 'Vz2': '0.0', 'Vm2': '0.029', 'Ax2': '0.0', 'Ay2': '-0.0', 'Az2': '0.0', 'TheoV': '0.0', 'TheoA': '0.0'}"
"{'Timestamp': '23-05-2022:12:50:09:959638', 'Gyro1': '90.2', 'Vx1': '0.002', 'Vy1': '0.029', 'Vz1': '0.0', 'Vm1': '0.029', 'Ax1': '0.0', 'Ay1': '-0.0', 'Az1': '0.0', 'Gyro2': '73.694', 'Vx2': '0.001', 'Vy2': '0.029', 'Vz2': '0.0', 'Vm2': '0.029', 'Ax2': '0.0', 'Ay2': '-0.0', 'Az2': '0.0', 'TheoV': '0.0', 'TheoA': '0.0'}"
"{'Timestamp': '23-05-2022:12:50:09:969827', 'Gyro1': '90.2', 'Vx1': '0.002', 'Vy1': '0.03', 'Vz1': '0.0', 'Vm1': '0.03', 'Ax1': '0.0', 'Ay1': '-0.0', 'Az1': '0.0', 'Gyro2': '73.694', 'Vx2': '0.001', 'Vy2': '0.03', 'Vz2': '0.0', 'Vm2': '0.03', 'Ax2': '0.0', 'Ay2': '-0.0', 'Az2': '0.0', 'TheoV': '0.0', 'TheoA': '0.0'}"
"{'Timestamp': '23-05-2022:12:50:09:979072', 'Gyro1': '68.72', 'Vx1': '0.001', 'Vy1': '0.031', 'Vz1': '0.0', 'Vm1': '0.031', 'Ax1': '-0.02', 'Ay1': '0.14', 'Az1': '0.0', 'Gyro2': '49.594', 'Vx2': '0.001', 'Vy2': '0.032', 'Vz2': '0.0', 'Vm2': '0.032', 'Ax2': '-0.04', 'Ay2': '0.21', 'Az2': '-0.0', 'TheoV': '-4.503', 'TheoA': '-500.343'}"
"{'Timestamp': '23-05-2022:12:50:09:990556', 'Gyro1': '68.72', 'Vx1': '0.001', 'Vy1': '0.033', 'Vz1': '0.0', 'Vm1': '0.033', 'Ax1': '-0.02', 'Ay1': '0.14', 'Az1': '0.0', 'Gyro2': '49.594', 'Vx2': '0.0', 'Vy2': '0.034', 'Vz2': '0.0', 'Vm2': '0.034', 'Ax2': '-0.04', 'Ay2': '0.21', 'Az2': '-0.0', 'TheoV': '0.0', 'TheoA': '409.358'}"
"{'Timestamp': '23-05-2022:12:50:09:999956', 'Gyro1': '68.72', 'Vx1': '0.001', 'Vy1': '0.034', 'Vz1': '0.0', 'Vm1': '0.034', 'Ax1': '-0.02', 'Ay1': '0.14', 'Az1': '0.0', 'Gyro2': '49.594', 'Vx2': '-0.0', 'Vy2': '0.036', 'Vz2': '0.0', 'Vm2': '0.037', 'Ax2': '-0.04', 'Ay2': '0.21', 'Az2': '-0.0', 'TheoV': '0.0', 'TheoA': '0.0'}"
"{'Timestamp': '23-05-2022:12:50:10:009303', 'Gyro1': '68.72', 'Vx1': '0.001', 'Vy1': '0.036', 'Vz1': '0.0', 'Vm1': '0.036', 'Ax1': '-0.02', 'Ay1': '0.14', 'Az1': '0.0', 'Gyro2': '49.594', 'Vx2': '-0.0', 'Vy2': '0.039', 'Vz2': '0.0', 'Vm2': '0.039', 'Ax2': '-0.04', 'Ay2': '0.21', 'Az2': '-0.0', 'TheoV': '0.0', 'TheoA': '0.0'}"
"{'Timestamp': '23-05-2022:12:50:10:019533', 'Gyro1': '68.72', 'Vx1': '0.001', 'Vy1': '0.037', 'Vz1': '0.0', 'Vm1': '0.037', 'Ax1': '-0.02', 'Ay1': '0.14', 'Az1': '0.0', 'Gyro2': '49.594', 'Vx2': '-0.001', 'Vy2': '0.041', 'Vz2': '0.0', 'Vm2': '0.041', 'Ax2': '-0.04', 'Ay2': '0.21', 'Az2': '-0.0', 'TheoV': '0.0', 'TheoA': '0.0'}"
"{'Timestamp': '23-05-2022:12:50:10:030770', 'Gyro1': '65.65', 'Vx1': '0.0', 'Vy1': '0.039', 'Vz1': '0.0', 'Vm1': '0.039', 'Ax1': '-0.04', 'Ay1': '0.13', 'Az1': '-0.0', 'Gyro2': '46.534', 'Vx2': '-0.002', 'Vy2': '0.043', 'Vz2': '0.0', 'Vm2': '0.043', 'Ax2': '-0.08', 'Ay2': '0.17', 'Az2': '-0.01', 'TheoV': '-0.508', 'TheoA': '-46.181'}"
"{'Timestamp': '23-05-2022:12:50:10:039507', 'Gyro1': '65.65', 'Vx1': '-0.0', 'Vy1': '0.04', 'Vz1': '0.0', 'Vm1': '0.04', 'Ax1': '-0.04', 'Ay1': '0.13', 'Az1': '-0.0', 'Gyro2': '46.534', 'Vx2': '-0.002', 'Vy2': '0.045', 'Vz2': '0.0', 'Vm2': '0.045', 'Ax2': '-0.08', 'Ay2': '0.17', 'Az2': '-0.01', 'TheoV': '0.0', 'TheoA': '56.444'}"
"{'Timestamp': '23-05-2022:12:50:10:049897', 'Gyro1': '65.65', 'Vx1': '-0.001', 'Vy1': '0.042', 'Vz1': '0.0', 'Vm1': '0.042', 'Ax1': '-0.04', 'Ay1': '0.13', 'Az1': '-0.0', 'Gyro2': '46.534', 'Vx2': '-0.003', 'Vy2': '0.047', 'Vz2': '0.0', 'Vm2': '0.047', 'Ax2': '-0.08', 'Ay2': '0.17', 'Az2': '-0.01', 'TheoV': '0.0', 'TheoA': '0.0'}"
"{'Timestamp': '23-05-2022:12:50:10:058662', 'Gyro1': '65.65', 'Vx1': '-0.001', 'Vy1': '0.043', 'Vz1': '0.0', 'Vm1': '0.043', 'Ax1': '-0.04', 'Ay1': '0.13', 'Az1': '-0.0', 'Gyro2': '46.534', 'Vx2': '-0.004', 'Vy2': '0.048', 'Vz2': '0.0', 'Vm2': '0.049', 'Ax2': '-0.08', 'Ay2': '0.17', 'Az2': '-0.01', 'TheoV': '0.0', 'TheoA': '0.0'}"
"{'Timestamp': '23-05-2022:12:50:10:071030', 'Gyro1': '65.65', 'Vx1': '-0.001', 'Vy1': '0.045', 'Vz1': '0.0', 'Vm1': '0.045', 'Ax1': '-0.04', 'Ay1': '0.13', 'Az1': '-0.0', 'Gyro2': '46.534', 'Vx2': '-0.005', 'Vy2': '0.051', 'Vz2': '-0.0', 'Vm2': '0.051', 'Ax2': '-0.08', 'Ay2': '0.17', 'Az2': '-0.01', 'TheoV': '0.0', 'TheoA': '0.0'}"
"{'Timestamp': '23-05-2022:12:50:10:079062', 'Gyro1': '65.65', 'Vx1': '-0.002', 'Vy1': '0.046', 'Vz1': '0.0', 'Vm1': '0.046', 'Ax1': '-0.04', 'Ay1': '0.13', 'Az1': '-0.0', 'Gyro2': '46.534', 'Vx2': '-0.006', 'Vy2': '0.052', 'Vz2': '-0.0', 'Vm2': '0.053', 'Ax2': '-0.08', 'Ay2': '0.17', 'Az2': '-0.01', 'TheoV': '0.0', 'TheoA': '0.0'}"
"{'Timestamp': '23-05-2022:12:50:10:089383', 'Gyro1': '59.72', 'Vx1': '-0.002', 'Vy1': '0.047', 'Vz1': '-0.0', 'Vm1': '0.047', 'Ax1': '-0.06', 'Ay1': '0.07', 'Az1': '-0.01', 'Gyro2': '43.554', 'Vx2': '-0.007', 'Vy2': '0.054', 'Vz2': '-0.0', 'Vm2': '0.054', 'Ax2': '-0.1', 'Ay2': '0.13', 'Az2': '-0.02', 'TheoV': '-1.052', 'TheoA': '-105.2'}"
"{'Timestamp': '23-05-2022:12:50:10:099921', 'Gyro1': '59.72', 'Vx1': '-0.003', 'Vy1': '0.048', 'Vz1': '-0.0', 'Vm1': '0.048', 'Ax1': '-0.06', 'Ay1': '0.07', 'Az1': '-0.01', 'Gyro2': '43.554', 'Vx2': '-0.008', 'Vy2': '0.055', 'Vz2': '-0.001', 'Vm2': '0.056', 'Ax2': '-0.1', 'Ay2': '0.13', 'Az2': '-0.02', 'TheoV': '0.0', 'TheoA': '95.637'}"
"{'Timestamp': '23-05-2022:12:50:10:110288', 'Gyro1': '59.72', 'Vx1': '-0.004', 'Vy1': '0.049', 'Vz1': '-0.0', 'Vm1': '0.049', 'Ax1': '-0.06', 'Ay1': '0.07', 'Az1': '-0.01', 'Gyro2': '43.554', 'Vx2': '-0.009', 'Vy2': '0.057', 'Vz2': '-0.001', 'Vm2': '0.057', 'Ax2': '-0.1', 'Ay2': '0.13', 'Az2': '-0.02', 'TheoV': '0.0', 'TheoA': '0.0'}"
"{'Timestamp': '23-05-2022:12:50:10:120168', 'Gyro1': '59.72', 'Vx1': '-0.004', 'Vy1': '0.05', 'Vz1': '-0.0', 'Vm1': '0.05', 'Ax1': '-0.06', 'Ay1': '0.07', 'Az1': '-0.01', 'Gyro2': '43.554', 'Vx2': '-0.01', 'Vy2': '0.058', 'Vz2': '-0.001', 'Vm2': '0.059', 'Ax2': '-0.1', 'Ay2': '0.13', 'Az2': '-0.02', 'TheoV': '0.0', 'TheoA': '0.0'}"
"{'Timestamp': '23-05-2022:12:50:10:129195', 'Gyro1': '59.72', 'Vx1': '-0.005', 'Vy1': '0.051', 'Vz1': '-0.0', 'Vm1': '0.051', 'Ax1': '-0.06', 'Ay1': '0.07', 'Az1': '-0.01', 'Gyro2': '43.554', 'Vx2': '-0.011', 'Vy2': '0.06', 'Vz2': '-0.001', 'Vm2': '0.061', 'Ax2': '-0.1', 'Ay2': '0.13', 'Az2': '-0.02', 'TheoV': '0.0', 'TheoA': '0.0'}"
"{'Timestamp': '23-05-2022:12:50:10:139210', 'Gyro1': '39.45', 'Vx1': '-0.006', 'Vy1': '0.051', 'Vz1': '-0.001', 'Vm1': '0.052', 'Ax1': '-0.1', 'Ay1': '0.02', 'Az1': '-0.02', 'Gyro2': '21.934', 'Vx2': '-0.012', 'Vy2': '0.06', 'Vz2': '-0.001', 'Vm2': '0.061', 'Ax2': '-0.11', 'Ay2': '0.02', 'Az2': '-0.02', 'TheoV': '-3.054', 'TheoA': '-305.4'}"
"{'Timestamp': '23-05-2022:12:50:10:150063', 'Gyro1': '39.45', 'Vx1': '-0.007', 'Vy1': '0.052', 'Vz1': '-0.001', 'Vm1': '0.052', 'Ax1': '-0.1', 'Ay1': '0.02', 'Az1': '-0.02', 'Gyro2': '21.934', 'Vx2': '-0.013', 'Vy2': '0.061', 'Vz2': '-0.002', 'Vm2': '0.062', 'Ax2': '-0.11', 'Ay2': '0.02', 'Az2': '-0.02', 'TheoV': '0.0', 'TheoA': '305.4'}"
"{'Timestamp': '23-05-2022:12:50:10:159205', 'Gyro1': '39.45', 'Vx1': '-0.008', 'Vy1': '0.052', 'Vz1': '-0.001', 'Vm1': '0.053', 'Ax1': '-0.1', 'Ay1': '0.02', 'Az1': '-0.02', 'Gyro2': '21.934', 'Vx2': '-0.014', 'Vy2': '0.061', 'Vz2': '-0.002', 'Vm2': '0.063', 'Ax2': '-0.11', 'Ay2': '0.02', 'Az2': '-0.02', 'TheoV': '0.0', 'TheoA': '0.0'}"
"{'Timestamp': '23-05-2022:12:50:10:169694', 'Gyro1': '39.45', 'Vx1': '-0.009', 'Vy1': '0.053', 'Vz1': '-0.001', 'Vm1': '0.053', 'Ax1': '-0.1', 'Ay1': '0.02', 'Az1': '-0.02', 'Gyro2': '21.934', 'Vx2': '-0.015', 'Vy2': '0.061', 'Vz2': '-0.002', 'Vm2': '0.063', 'Ax2': '-0.11', 'Ay2': '0.02', 'Az2': '-0.02', 'TheoV': '0.0', 'TheoA': '0.0'}"
"{'Timestamp': '23-05-2022:12:50:10:180120', 'Gyro1': '39.45', 'Vx1': '-0.01', 'Vy1': '0.053', 'Vz1': '-0.002', 'Vm1': '0.054', 'Ax1': '-0.1', 'Ay1': '0.02', 'Az1': '-0.02', 'Gyro2': '21.934', 'Vx2': '-0.016', 'Vy2': '0.062', 'Vz2': '-0.002', 'Vm2': '0.064', 'Ax2': '-0.11', 'Ay2': '0.02', 'Az2': '-0.02', 'TheoV': '0.0', 'TheoA': '0.0'}"
"{'Timestamp': '23-05-2022:12:50:10:190566', 'Gyro1': '39.0', 'Vx1': '-0.011', 'Vy1': '0.053', 'Vz1': '-0.002', 'Vm1': '0.054', 'Ax1': '-0.09', 'Ay1': '0.03', 'Az1': '-0.01', 'Gyro2': '21.514', 'Vx2': '-0.017', 'Vy2': '0.062', 'Vz2': '-0.002', 'Vm2': '0.065', 'Ax2': '-0.09', 'Ay2': '0.03', 'Az2': '-0.02', 'TheoV': '-0.057', 'TheoA': '-6.333'}"
"{'Timestamp': '23-05-2022:12:50:10:200095', 'Gyro1': '39.0', 'Vx1': '-0.012', 'Vy1': '0.054', 'Vz1': '-0.002', 'Vm1': '0.055', 'Ax1': '-0.09', 'Ay1': '0.03', 'Az1': '-0.01', 'Gyro2': '21.514', 'Vx2': '-0.018', 'Vy2': '0.063', 'Vz2': '-0.003', 'Vm2': '0.065', 'Ax2': '-0.09', 'Ay2': '0.03', 'Az2': '-0.02', 'TheoV': '0.0', 'TheoA': '5.182'}"
"{'Timestamp': '23-05-2022:12:50:10:209097', 'Gyro1': '39.0', 'Vx1': '-0.012', 'Vy1': '0.054', 'Vz1': '-0.002', 'Vm1': '0.056', 'Ax1': '-0.09', 'Ay1': '0.03', 'Az1': '-0.01', 'Gyro2': '21.514', 'Vx2': '-0.019', 'Vy2': '0.063', 'Vz2': '-0.003', 'Vm2': '0.066', 'Ax2': '-0.09', 'Ay2': '0.03', 'Az2': '-0.02', 'TheoV': '0.0', 'TheoA': '0.0'}"
"{'Timestamp': '23-05-2022:12:50:10:218877', 'Gyro1': '39.0', 'Vx1': '-0.013', 'Vy1': '0.055', 'Vz1': '-0.002', 'Vm1': '0.057', 'Ax1': '-0.09', 'Ay1': '0.03', 'Az1': '-0.01', 'Gyro2': '21.514', 'Vx2': '-0.02', 'Vy2': '0.064', 'Vz2': '-0.003', 'Vm2': '0.067', 'Ax2': '-0.09', 'Ay2': '0.03', 'Az2': '-0.02', 'TheoV': '0.0', 'TheoA': '0.0'}"
"{'Timestamp': '23-05-2022:12:50:10:230912', 'Gyro1': '39.0', 'Vx1': '-0.014', 'Vy1': '0.055', 'Vz1': '-0.002', 'Vm1': '0.057', 'Ax1': '-0.09', 'Ay1': '0.03', 'Az1': '-0.01', 'Gyro2': '21.514', 'Vx2': '-0.021', 'Vy2': '0.064', 'Vz2': '-0.003', 'Vm2': '0.068', 'Ax2': '-0.09', 'Ay2': '0.03', 'Az2': '-0.02', 'TheoV': '0.0', 'TheoA': '0.0'}"
"{'Timestamp': '23-05-2022:12:50:10:239387', 'Gyro1': '39.0', 'Vx1': '-0.015', 'Vy1': '0.056', 'Vz1': '-0.002', 'Vm1': '0.058', 'Ax1': '-0.09', 'Ay1': '0.03', 'Az1': '-0.01', 'Gyro2': '21.514', 'Vx2': '-0.022', 'Vy2': '0.065', 'Vz2': '-0.003', 'Vm2': '0.068', 'Ax2': '-0.09', 'Ay2': '0.03', 'Az2': '-0.02', 'TheoV': '0.0', 'TheoA': '0.0'}"
"{'Timestamp': '23-05-2022:12:50:10:248897', 'Gyro1': '38.25', 'Vx1': '-0.016', 'Vy1': '0.057', 'Vz1': '-0.002', 'Vm1': '0.059', 'Ax1': '-0.06', 'Ay1': '0.05', 'Az1': '-0.01', 'Gyro2': '21.154', 'Vx2': '-0.022', 'Vy2': '0.065', 'Vz2': '-0.003', 'Vm2': '0.069', 'Ax2': '-0.08', 'Ay2': '0.03', 'Az2': '-0.01', 'TheoV': '-0.084', 'TheoA': '-8.4'}"
"{'Timestamp': '23-05-2022:12:50:10:258705', 'Gyro1': '38.25', 'Vx1': '-0.016', 'Vy1': '0.057', 'Vz1': '-0.002', 'Vm1': '0.06', 'Ax1': '-0.06', 'Ay1': '0.05', 'Az1': '-0.01', 'Gyro2': '21.154', 'Vx2': '-0.023', 'Vy2': '0.066', 'Vz2': '-0.003', 'Vm2': '0.07', 'Ax2': '-0.08', 'Ay2': '0.03', 'Az2': '-0.01', 'TheoV': '0.0', 'TheoA': '8.4'}"
"{'Timestamp': '23-05-2022:12:50:10:270636', 'Gyro1': '38.25', 'Vx1': '-0.017', 'Vy1': '0.058', 'Vz1': '-0.002', 'Vm1': '0.06', 'Ax1': '-0.06', 'Ay1': '0.05', 'Az1': '-0.01', 'Gyro2': '21.154', 'Vx2': '-0.024', 'Vy2': '0.066', 'Vz2': '-0.004', 'Vm2': '0.07', 'Ax2': '-0.08', 'Ay2': '0.03', 'Az2': '-0.01', 'TheoV': '0.0', 'TheoA': '0.0'}"
"{'Timestamp': '23-05-2022:12:50:10:279631', 'Gyro1': '38.25', 'Vx1': '-0.018', 'Vy1': '0.059', 'Vz1': '-0.003', 'Vm1': '0.061', 'Ax1': '-0.06', 'Ay1': '0.05', 'Az1': '-0.01', 'Gyro2': '21.154', 'Vx2': '-0.025', 'Vy2': '0.067', 'Vz2': '-0.004', 'Vm2': '0.071', 'Ax2': '-0.08', 'Ay2': '0.03', 'Az2': '-0.01', 'TheoV': '0.0', 'TheoA': '0.0'}"
"{'Timestamp': '23-05-2022:12:50:10:291238', 'Gyro1': '38.25', 'Vx1': '-0.018', 'Vy1': '0.06', 'Vz1': '-0.003', 'Vm1': '0.062', 'Ax1': '-0.06', 'Ay1': '0.05', 'Az1': '-0.01', 'Gyro2': '21.154', 'Vx2': '-0.026', 'Vy2': '0.067', 'Vz2': '-0.004', 'Vm2': '0.072', 'Ax2': '-0.08', 'Ay2': '0.03', 'Az2': '-0.01', 'TheoV': '0.0', 'TheoA': '0.0'}"
"{'Timestamp': '23-05-2022:12:50:10:301846', 'Gyro1': '38.25', 'Vx1': '-0.019', 'Vy1': '0.06', 'Vz1': '-0.003', 'Vm1': '0.063', 'Ax1': '-0.06', 'Ay1': '0.05', 'Az1': '-0.01', 'Gyro2': '21.154', 'Vx2': '-0.027', 'Vy2': '0.068', 'Vz2': '-0.004', 'Vm2': '0.073', 'Ax2': '-0.08', 'Ay2': '0.03', 'Az2': '-0.01', 'TheoV': '0.0', 'TheoA': '0.0'}"
"{'Timestamp': '23-05-2022:12:50:10:311090', 'Gyro1': '48.03', 'Vx1': '-0.02', 'Vy1': '0.06', 'Vz1': '-0.003', 'Vm1': '0.063', 'Ax1': '-0.08', 'Ay1': '-0.04', 'Az1': '-0.01', 'Gyro2': '32.844', 'Vx2': '-0.028', 'Vy2': '0.067', 'Vz2': '-0.004', 'Vm2': '0.073', 'Ax2': '-0.15', 'Ay2': '-0.07', 'Az2': '-0.02', 'TheoV': '1.607', 'TheoA': '200.872'}"
"{'Timestamp': '23-05-2022:12:50:10:320985', 'Gyro1': '48.03', 'Vx1': '-0.021', 'Vy1': '0.06', 'Vz1': '-0.003', 'Vm1': '0.063', 'Ax1': '-0.08', 'Ay1': '-0.04', 'Az1': '-0.01', 'Gyro2': '32.844', 'Vx2': '-0.03', 'Vy2': '0.067', 'Vz2': '-0.004', 'Vm2': '0.073', 'Ax2': '-0.15', 'Ay2': '-0.07', 'Az2': '-0.02', 'TheoV': '0.0', 'TheoA': '-133.918'}"
"{'Timestamp': '23-05-2022:12:50:10:329822', 'Gyro1': '48.03', 'Vx1': '-0.021', 'Vy1': '0.06', 'Vz1': '-0.003', 'Vm1': '0.063', 'Ax1': '-0.08', 'Ay1': '-0.04', 'Az1': '-0.01', 'Gyro2': '32.844', 'Vx2': '-0.031', 'Vy2': '0.066', 'Vz2': '-0.005', 'Vm2': '0.073', 'Ax2': '-0.15', 'Ay2': '-0.07', 'Az2': '-0.02', 'TheoV': '0.0', 'TheoA': '0.0'}"
"{'Timestamp': '23-05-2022:12:50:10:339147', 'Gyro1': '48.03', 'Vx1': '-0.022', 'Vy1': '0.06', 'Vz1': '-0.003', 'Vm1': '0.063', 'Ax1': '-0.08', 'Ay1': '-0.04', 'Az1': '-0.01', 'Gyro2': '32.844', 'Vx2': '-0.032', 'Vy2': '0.066', 'Vz2': '-0.005', 'Vm2': '0.073', 'Ax2': '-0.15', 'Ay2': '-0.07', 'Az2': '-0.02', 'TheoV': '0.0', 'TheoA': '0.0'}"
"{'Timestamp': '23-05-2022:12:50:10:350695', 'Gyro1': '48.03', 'Vx1': '-0.023', 'Vy1': '0.059', 'Vz1': '-0.003', 'Vm1': '0.064', 'Ax1': '-0.08', 'Ay1': '-0.04', 'Az1': '-0.01', 'Gyro2': '32.844', 'Vx2': '-0.034', 'Vy2': '0.065', 'Vz2': '-0.005', 'Vm2': '0.074', 'Ax2': '-0.15', 'Ay2': '-0.07', 'Az2': '-0.02', 'TheoV': '0.0', 'TheoA': '0.0'}"
"{'Timestamp': '23-05-2022:12:50:10:359804', 'Gyro1': '52.83', 'Vx1': '-0.024', 'Vy1': '0.059', 'Vz1': '-0.003', 'Vm1': '0.063', 'Ax1': '-0.08', 'Ay1': '-0.06', 'Az1': '-0.01', 'Gyro2': '35.324', 'Vx2': '-0.035', 'Vy2': '0.065', 'Vz2': '-0.005', 'Vm2': '0.074', 'Ax2': '-0.15', 'Ay2': '-0.08', 'Az2': '-0.02', 'TheoV': '0.747', 'TheoA': '74.7'}"
"{'Timestamp': '23-05-2022:12:50:10:370594', 'Gyro1': '52.83', 'Vx1': '-0.024', 'Vy1': '0.058', 'Vz1': '-0.003', 'Vm1': '0.063', 'Ax1': '-0.08', 'Ay1': '-0.06', 'Az1': '-0.01', 'Gyro2': '35.324', 'Vx2': '-0.037', 'Vy2': '0.064', 'Vz2': '-0.005', 'Vm2': '0.074', 'Ax2': '-0.15', 'Ay2': '-0.08', 'Az2': '-0.02', 'TheoV': '0.0', 'TheoA': '-67.91'}"
"{'Timestamp': '23-05-2022:12:50:10:380679', 'Gyro1': '52.83', 'Vx1': '-0.025', 'Vy1': '0.058', 'Vz1': '-0.004', 'Vm1': '0.063', 'Ax1': '-0.08', 'Ay1': '-0.06', 'Az1': '-0.01', 'Gyro2': '35.324', 'Vx2': '-0.038', 'Vy2': '0.064', 'Vz2': '-0.005', 'Vm2': '0.074', 'Ax2': '-0.15', 'Ay2': '-0.08', 'Az2': '-0.02', 'TheoV': '0.0', 'TheoA': '0.0'}"
"{'Timestamp': '23-05-2022:12:50:10:390899', 'Gyro1': '52.83', 'Vx1': '-0.026', 'Vy1': '0.058', 'Vz1': '-0.004', 'Vm1': '0.063', 'Ax1': '-0.08', 'Ay1': '-0.06', 'Az1': '-0.01', 'Gyro2': '35.324', 'Vx2': '-0.04', 'Vy2': '0.063', 'Vz2': '-0.006', 'Vm2': '0.075', 'Ax2': '-0.15', 'Ay2': '-0.08', 'Az2': '-0.02', 'TheoV': '0.0', 'TheoA': '0.0'}"
"{'Timestamp': '23-05-2022:12:50:10:399541', 'Gyro1': '52.83', 'Vx1': '-0.027', 'Vy1': '0.057', 'Vz1': '-0.004', 'Vm1': '0.063', 'Ax1': '-0.08', 'Ay1': '-0.06', 'Az1': '-0.01', 'Gyro2': '35.324', 'Vx2': '-0.041', 'Vy2': '0.062', 'Vz2': '-0.006', 'Vm2': '0.075', 'Ax2': '-0.15', 'Ay2': '-0.08', 'Az2': '-0.02', 'TheoV': '0.0', 'TheoA': '0.0'}"
"{'Timestamp': '23-05-2022:12:50:10:411622', 'Gyro1': '52.83', 'Vx1': '-0.028', 'Vy1': '0.057', 'Vz1': '-0.004', 'Vm1': '0.063', 'Ax1': '-0.08', 'Ay1': '-0.06', 'Az1': '-0.01', 'Gyro2': '35.324', 'Vx2': '-0.043', 'Vy2': '0.062', 'Vz2': '-0.006', 'Vm2': '0.075', 'Ax2': '-0.15', 'Ay2': '-0.08', 'Az2': '-0.02', 'TheoV': '0.0', 'TheoA': '0.0'}"
"{'Timestamp': '23-05-2022:12:50:10:422045', 'Gyro1': '55.51', 'Vx1': '-0.029', 'Vy1': '0.056', 'Vz1': '-0.004', 'Vm1': '0.063', 'Ax1': '-0.08', 'Ay1': '-0.06', 'Az1': '-0.01', 'Gyro2': '38.004', 'Vx2': '-0.045', 'Vy2': '0.061', 'Vz2': '-0.006', 'Vm2': '0.076', 'Ax2': '-0.16', 'Ay2': '-0.07', 'Az2': '-0.02', 'TheoV': '0.4', 'TheoA': '36.364'}"
"{'Timestamp': '23-05-2022:12:50:10:432136', 'Gyro1': '55.51', 'Vx1': '-0.029', 'Vy1': '0.056', 'Vz1': '-0.004', 'Vm1': '0.063', 'Ax1': '-0.08', 'Ay1': '-0.06', 'Az1': '-0.01', 'Gyro2': '38.004', 'Vx2': '-0.046', 'Vy2': '0.061', 'Vz2': '-0.007', 'Vm2': '0.076', 'Ax2': '-0.16', 'Ay2': '-0.07', 'Az2': '-0.02', 'TheoV': '0.0', 'TheoA': '-40.0'}"
"{'Timestamp': '23-05-2022:12:50:10:441933', 'Gyro1': '55.51', 'Vx1': '-0.03', 'Vy1': '0.056', 'Vz1': '-0.004', 'Vm1': '0.063', 'Ax1': '-0.08', 'Ay1': '-0.06', 'Az1': '-0.01', 'Gyro2': '38.004', 'Vx2': '-0.048', 'Vy2': '0.06', 'Vz2': '-0.007', 'Vm2': '0.077', 'Ax2': '-0.16', 'Ay2': '-0.07', 'Az2': '-0.02', 'TheoV': '0.0', 'TheoA': '0.0'}"
"{'Timestamp': '23-05-2022:12:50:10:451292', 'Gyro1': '55.51', 'Vx1': '-0.031', 'Vy1': '0.055', 'Vz1': '-0.004', 'Vm1': '0.063', 'Ax1': '-0.08', 'Ay1': '-0.06', 'Az1': '-0.01', 'Gyro2': '38.004', 'Vx2': '-0.049', 'Vy2': '0.06', 'Vz2': '-0.007', 'Vm2': '0.078', 'Ax2': '-0.16', 'Ay2': '-0.07', 'Az2': '-0.02', 'TheoV': '0.0', 'TheoA': '0.0'}"
"{'Timestamp': '23-05-2022:12:50:10:463432', 'Gyro1': '55.51', 'Vx1': '-0.032', 'Vy1': '0.055', 'Vz1': '-0.004', 'Vm1': '0.063', 'Ax1': '-0.08', 'Ay1': '-0.06', 'Az1': '-0.01', 'Gyro2': '38.004', 'Vx2': '-0.051', 'Vy2': '0.059', 'Vz2': '-0.007', 'Vm2': '0.078', 'Ax2': '-0.16', 'Ay2': '-0.07', 'Az2': '-0.02', 'TheoV': '0.0', 'TheoA': '0.0'}"
"{'Timestamp': '23-05-2022:12:50:10:471970', 'Gyro1': '58.38', 'Vx1': '-0.033', 'Vy1': '0.055', 'Vz1': '-0.004', 'Vm1': '0.064', 'Ax1': '-0.08', 'Ay1': '-0.04', 'Az1': '-0.01', 'Gyro2': '43.944', 'Vx2': '-0.053', 'Vy2': '0.059', 'Vz2': '-0.007', 'Vm2': '0.079', 'Ax2': '-0.15', 'Ay2': '-0.0', 'Az2': '-0.02', 'TheoV': '0.607', 'TheoA': '75.874'}"
"{'Timestamp': '23-05-2022:12:50:10:481315', 'Gyro1': '58.38', 'Vx1': '-0.033', 'Vy1': '0.054', 'Vz1': '-0.005', 'Vm1': '0.064', 'Ax1': '-0.08', 'Ay1': '-0.04', 'Az1': '-0.01', 'Gyro2': '43.944', 'Vx2': '-0.054', 'Vy2': '0.059', 'Vz2': '-0.008', 'Vm2': '0.08', 'Ax2': '-0.15', 'Ay2': '-0.0', 'Az2': '-0.02', 'TheoV': '0.0', 'TheoA': '-67.444'}"
"{'Timestamp': '23-05-2022:12:50:10:493256', 'Gyro1': '58.38', 'Vx1': '-0.034', 'Vy1': '0.054', 'Vz1': '-0.005', 'Vm1': '0.064', 'Ax1': '-0.08', 'Ay1': '-0.04', 'Az1': '-0.01', 'Gyro2': '43.944', 'Vx2': '-0.056', 'Vy2': '0.06', 'Vz2': '-0.008', 'Vm2': '0.082', 'Ax2': '-0.15', 'Ay2': '-0.0', 'Az2': '-0.02', 'TheoV': '0.0', 'TheoA': '0.0'}"
"{'Timestamp': '23-05-2022:12:50:10:502166', 'Gyro1': '58.38', 'Vx1': '-0.035', 'Vy1': '0.054', 'Vz1': '-0.005', 'Vm1': '0.064', 'Ax1': '-0.08', 'Ay1': '-0.04', 'Az1': '-0.01', 'Gyro2': '43.944', 'Vx2': '-0.057', 'Vy2': '0.06', 'Vz2': '-0.008', 'Vm2': '0.083', 'Ax2': '-0.15', 'Ay2': '-0.0', 'Az2': '-0.02', 'TheoV': '0.0', 'TheoA': '0.0'}"
"{'Timestamp': '23-05-2022:12:50:10:511266', 'Gyro1': '58.38', 'Vx1': '-0.036', 'Vy1': '0.054', 'Vz1': '-0.005', 'Vm1': '0.065', 'Ax1': '-0.08', 'Ay1': '-0.04', 'Az1': '-0.01', 'Gyro2': '43.944', 'Vx2': '-0.058', 'Vy2': '0.06', 'Vz2': '-0.008', 'Vm2': '0.084', 'Ax2': '-0.15', 'Ay2': '-0.0', 'Az2': '-0.02', 'TheoV': '0.0', 'TheoA': '0.0'}"
"{'Timestamp': '23-05-2022:12:50:10:519903', 'Gyro1': '58.38', 'Vx1': '-0.036', 'Vy1': '0.054', 'Vz1': '-0.005', 'Vm1': '0.065', 'Ax1': '-0.08', 'Ay1': '-0.04', 'Az1': '-0.01', 'Gyro2': '43.944', 'Vx2': '-0.06', 'Vy2': '0.06', 'Vz2': '-0.008', 'Vm2': '0.085', 'Ax2': '-0.15', 'Ay2': '-0.0', 'Az2': '-0.02', 'TheoV': '0.0', 'TheoA': '0.0'}"
"{'Timestamp': '23-05-2022:12:50:10:529759', 'Gyro1': '111.9', 'Vx1': '-0.036', 'Vy1': '0.054', 'Vz1': '-0.005', 'Vm1': '0.065', 'Ax1': '0.01', 'Ay1': '0.03', 'Az1': '-0.0', 'Gyro2': '98.794', 'Vx2': '-0.059', 'Vy2': '0.061', 'Vz2': '-0.008', 'Vm2': '0.085', 'Ax2': '0.11', 'Ay2': '0.08', 'Az2': '0.01', 'TheoV': '11.123', 'TheoA': '1235.88'}"
"{'Timestamp': '23-05-2022:12:50:10:538852', 'Gyro1': '111.9', 'Vx1': '-0.036', 'Vy1': '0.055', 'Vz1': '-0.005', 'Vm1': '0.065', 'Ax1': '0.01', 'Ay1': '0.03', 'Az1': '-0.0', 'Gyro2': '98.794', 'Vx2': '-0.058', 'Vy2': '0.062', 'Vz2': '-0.008', 'Vm2': '0.085', 'Ax2': '0.11', 'Ay2': '0.08', 'Az2': '0.01', 'TheoV': '0.0', 'TheoA': '-1112.301'}"
"{'Timestamp': '23-05-2022:12:50:10:550353', 'Gyro1': '111.9', 'Vx1': '-0.036', 'Vy1': '0.055', 'Vz1': '-0.005', 'Vm1': '0.066', 'Ax1': '0.01', 'Ay1': '0.03', 'Az1': '-0.0', 'Gyro2': '98.794', 'Vx2': '-0.057', 'Vy2': '0.063', 'Vz2': '-0.008', 'Vm2': '0.085', 'Ax2': '0.11', 'Ay2': '0.08', 'Az2': '0.01', 'TheoV': '0.0', 'TheoA': '0.0'}"
"{'Timestamp': '23-05-2022:12:50:10:559135', 'Gyro1': '111.9', 'Vx1': '-0.036', 'Vy1': '0.056', 'Vz1': '-0.005', 'Vm1': '0.066', 'Ax1': '0.01', 'Ay1': '0.03', 'Az1': '-0.0', 'Gyro2': '98.794', 'Vx2': '-0.056', 'Vy2': '0.064', 'Vz2': '-0.008', 'Vm2': '0.085', 'Ax2': '0.11', 'Ay2': '0.08', 'Az2': '0.01', 'TheoV': '0.0', 'TheoA': '0.0'}"
"{'Timestamp': '23-05-2022:12:50:10:569566', 'Gyro1': '111.9', 'Vx1': '-0.036', 'Vy1': '0.056', 'Vz1': '-0.005', 'Vm1': '0.067', 'Ax1': '0.01', 'Ay1': '0.03', 'Az1': '-0.0', 'Gyro2': '98.794', 'Vx2': '-0.055', 'Vy2': '0.065', 'Vz2': '-0.008', 'Vm2': '0.085', 'Ax2': '0.11', 'Ay2': '0.08', 'Az2': '0.01', 'TheoV': '0.0', 'TheoA': '0.0'}"
"{'Timestamp': '23-05-2022:12:50:10:579663', 'Gyro1': '118.46', 'Vx1': '-0.036', 'Vy1': '0.056', 'Vz1': '-0.005', 'Vm1': '0.067', 'Ax1': '0.04', 'Ay1': '0.01', 'Az1': '0.01', 'Gyro2': '102.014', 'Vx2': '-0.053', 'Vy2': '0.066', 'Vz2': '-0.008', 'Vm2': '0.084', 'Ax2': '0.15', 'Ay2': '0.04', 'Az2': '0.02', 'TheoV': '1.216', 'TheoA': '121.6'}"
"{'Timestamp': '23-05-2022:12:50:10:591475', 'Gyro1': '118.46', 'Vx1': '-0.035', 'Vy1': '0.057', 'Vz1': '-0.005', 'Vm1': '0.067', 'Ax1': '0.04', 'Ay1': '0.01', 'Az1': '0.01', 'Gyro2': '102.014', 'Vx2': '-0.052', 'Vy2': '0.066', 'Vz2': '-0.007', 'Vm2': '0.084', 'Ax2': '0.15', 'Ay2': '0.04', 'Az2': '0.02', 'TheoV': '0.0', 'TheoA': '-121.6'}"
"{'Timestamp': '23-05-2022:12:50:10:600175', 'Gyro1': '118.46', 'Vx1': '-0.035', 'Vy1': '0.057', 'Vz1': '-0.005', 'Vm1': '0.067', 'Ax1': '0.04', 'Ay1': '0.01', 'Az1': '0.01', 'Gyro2': '102.014', 'Vx2': '-0.05', 'Vy2': '0.067', 'Vz2': '-0.007', 'Vm2': '0.084', 'Ax2': '0.15', 'Ay2': '0.04', 'Az2': '0.02', 'TheoV': '0.0', 'TheoA': '0.0'}"
"{'Timestamp': '23-05-2022:12:50:10:611351', 'Gyro1': '118.46', 'Vx1': '-0.034', 'Vy1': '0.057', 'Vz1': '-0.005', 'Vm1': '0.067', 'Ax1': '0.04', 'Ay1': '0.01', 'Az1': '0.01', 'Gyro2': '102.014', 'Vx2': '-0.048', 'Vy2': '0.068', 'Vz2': '-0.007', 'Vm2': '0.083', 'Ax2': '0.15', 'Ay2': '0.04', 'Az2': '0.02', 'TheoV': '0.0', 'TheoA': '0.0'}"
"{'Timestamp': '23-05-2022:12:50:10:622026', 'Gyro1': '118.46', 'Vx1': '-0.034', 'Vy1': '0.058', 'Vz1': '-0.004', 'Vm1': '0.067', 'Ax1': '0.04', 'Ay1': '0.01', 'Az1': '0.01', 'Gyro2': '102.014', 'Vx2': '-0.047', 'Vy2': '0.068', 'Vz2': '-0.007', 'Vm2': '0.083', 'Ax2': '0.15', 'Ay2': '0.04', 'Az2': '0.02', 'TheoV': '0.0', 'TheoA': '0.0'}"
"{'Timestamp': '23-05-2022:12:50:10:631319', 'Gyro1': '118.46', 'Vx1': '-0.034', 'Vy1': '0.058', 'Vz1': '-0.004', 'Vm1': '0.067', 'Ax1': '0.04', 'Ay1': '0.01', 'Az1': '0.01', 'Gyro2': '102.014', 'Vx2': '-0.046', 'Vy2': '0.069', 'Vz2': '-0.007', 'Vm2': '0.082', 'Ax2': '0.15', 'Ay2': '0.04', 'Az2': '0.02', 'TheoV': '0.0', 'TheoA': '0.0'}"
"{'Timestamp': '23-05-2022:12:50:10:639564', 'Gyro1': '121.03', 'Vx1': '-0.033', 'Vy1': '0.058', 'Vz1': '-0.004', 'Vm1': '0.067', 'Ax1': '0.06', 'Ay1': '0.01', 'Az1': '0.01', 'Gyro2': '104.694', 'Vx2': '-0.043', 'Vy2': '0.069', 'Vz2': '-0.006', 'Vm2': '0.081', 'Ax2': '0.22', 'Ay2': '-0.01', 'Az2': '0.03', 'TheoV': '0.471', 'TheoA': '47.1'}"
"{'Timestamp': '23-05-2022:12:50:10:652662', 'Gyro1': '121.03', 'Vx1': '-0.032', 'Vy1': '0.059', 'Vz1': '-0.004', 'Vm1': '0.067', 'Ax1': '0.06', 'Ay1': '0.01', 'Az1': '0.01', 'Gyro2': '104.694', 'Vx2': '-0.04', 'Vy2': '0.069', 'Vz2': '-0.006', 'Vm2': '0.08', 'Ax2': '0.22', 'Ay2': '-0.01', 'Az2': '0.03', 'TheoV': '0.0', 'TheoA': '-36.231'}"
"{'Timestamp': '23-05-2022:12:50:10:662534', 'Gyro1': '121.03', 'Vx1': '-0.032', 'Vy1': '0.059', 'Vz1': '-0.004', 'Vm1': '0.067', 'Ax1': '0.06', 'Ay1': '0.01', 'Az1': '0.01', 'Gyro2': '104.694', 'Vx2': '-0.038', 'Vy2': '0.069', 'Vz2': '-0.006', 'Vm2': '0.079', 'Ax2': '0.22', 'Ay2': '-0.01', 'Az2': '0.03', 'TheoV': '0.0', 'TheoA': '0.0'}"
"{'Timestamp': '23-05-2022:12:50:10:673764', 'Gyro1': '121.03', 'Vx1': '-0.031', 'Vy1': '0.059', 'Vz1': '-0.004', 'Vm1': '0.067', 'Ax1': '0.06', 'Ay1': '0.01', 'Az1': '0.01', 'Gyro2': '104.694', 'Vx2': '-0.036', 'Vy2': '0.069', 'Vz2': '-0.005', 'Vm2': '0.078', 'Ax2': '0.22', 'Ay2': '-0.01', 'Az2': '0.03', 'TheoV': '0.0', 'TheoA': '0.0'}"
"{'Timestamp': '23-05-2022:12:50:10:679869', 'Gyro1': '121.03', 'Vx1': '-0.031', 'Vy1': '0.059', 'Vz1': '-0.004', 'Vm1': '0.067', 'Ax1': '0.06', 'Ay1': '0.01', 'Az1': '0.01', 'Gyro2': '104.694', 'Vx2': '-0.035', 'Vy2': '0.069', 'Vz2': '-0.005', 'Vm2': '0.077', 'Ax2': '0.22', 'Ay2': '-0.01', 'Az2': '0.03', 'TheoV': '0.0', 'TheoA': '0.0'}"
"{'Timestamp': '23-05-2022:12:50:10:689276', 'Gyro1': '128.35', 'Vx1': '-0.03', 'Vy1': '0.059', 'Vz1': '-0.004', 'Vm1': '0.066', 'Ax1': '0.02', 'Ay1': '-0.06', 'Az1': '0.0', 'Gyro2': '112.324', 'Vx2': '-0.034', 'Vy2': '0.069', 'Vz2': '-0.005', 'Vm2': '0.077', 'Ax2': '0.01', 'Ay2': '-0.07', 'Az2': '0.0', 'TheoV': '1.321', 'TheoA': '132.1'}"
"{'Timestamp': '23-05-2022:12:50:10:699582', 'Gyro1': '128.35', 'Vx1': '-0.03', 'Vy1': '0.059', 'Vz1': '-0.004', 'Vm1': '0.066', 'Ax1': '0.02', 'Ay1': '-0.06', 'Az1': '0.0', 'Gyro2': '112.324', 'Vx2': '-0.034', 'Vy2': '0.068', 'Vz2': '-0.005', 'Vm2': '0.076', 'Ax2': '0.01', 'Ay2': '-0.07', 'Az2': '0.0', 'TheoV': '0.0', 'TheoA': '-132.1'}"
"{'Timestamp': '23-05-2022:12:50:10:711242', 'Gyro1': '128.35', 'Vx1': '-0.03', 'Vy1': '0.058', 'Vz1': '-0.004', 'Vm1': '0.065', 'Ax1': '0.02', 'Ay1': '-0.06', 'Az1': '0.0', 'Gyro2': '112.324', 'Vx2': '-0.034', 'Vy2': '0.068', 'Vz2': '-0.005', 'Vm2': '0.076', 'Ax2': '0.01', 'Ay2': '-0.07', 'Az2': '0.0', 'TheoV': '0.0', 'TheoA': '0.0'}"
"{'Timestamp': '23-05-2022:12:50:10:720974', 'Gyro1': '128.35', 'Vx1': '-0.03', 'Vy1': '0.058', 'Vz1': '-0.004', 'Vm1': '0.065', 'Ax1': '0.02', 'Ay1': '-0.06', 'Az1': '0.0', 'Gyro2': '112.324', 'Vx2': '-0.034', 'Vy2': '0.067', 'Vz2': '-0.005', 'Vm2': '0.075', 'Ax2': '0.01', 'Ay2': '-0.07', 'Az2': '0.0', 'TheoV': '0.0', 'TheoA': '0.0'}"
"{'Timestamp': '23-05-2022:12:50:10:730624', 'Gyro1': '128.35', 'Vx1': '-0.03', 'Vy1': '0.057', 'Vz1': '-0.004', 'Vm1': '0.064', 'Ax1': '0.02', 'Ay1': '-0.06', 'Az1': '0.0', 'Gyro2': '112.324', 'Vx2': '-0.034', 'Vy2': '0.067', 'Vz2': '-0.005', 'Vm2': '0.075', 'Ax2': '0.01', 'Ay2': '-0.07', 'Az2': '0.0', 'TheoV': '0.0', 'TheoA': '0.0'}"
"{'Timestamp': '23-05-2022:12:50:10:740302', 'Gyro1': '128.36', 'Vx1': '-0.03', 'Vy1': '0.057', 'Vz1': '-0.004', 'Vm1': '0.064', 'Ax1': '0.0', 'Ay1': '-0.06', 'Az1': '-0.0', 'Gyro2': '112.324', 'Vx2': '-0.034', 'Vy2': '0.066', 'Vz2': '-0.005', 'Vm2': '0.074', 'Ax2': '0.0', 'Ay2': '-0.07', 'Az2': '-0.0', 'TheoV': '0.002', 'TheoA': '0.2'}"
"{'Timestamp': '23-05-2022:12:50:10:750367', 'Gyro1': '128.36', 'Vx1': '-0.03', 'Vy1': '0.057', 'Vz1': '-0.004', 'Vm1': '0.064', 'Ax1': '0.0', 'Ay1': '-0.06', 'Az1': '-0.0', 'Gyro2': '112.324', 'Vx2': '-0.034', 'Vy2': '0.066', 'Vz2': '-0.005', 'Vm2': '0.074', 'Ax2': '0.0', 'Ay2': '-0.07', 'Az2': '-0.0', 'TheoV': '0.0', 'TheoA': '-0.222'}"
"{'Timestamp': '23-05-2022:12:50:10:759784', 'Gyro1': '128.36', 'Vx1': '-0.03', 'Vy1': '0.056', 'Vz1': '-0.004', 'Vm1': '0.063', 'Ax1': '0.0', 'Ay1': '-0.06', 'Az1': '-0.0', 'Gyro2': '112.324', 'Vx2': '-0.034', 'Vy2': '0.065', 'Vz2': '-0.005', 'Vm2': '0.074', 'Ax2': '0.0', 'Ay2': '-0.07', 'Az2': '-0.0', 'TheoV': '0.0', 'TheoA': '0.0'}"
"{'Timestamp': '23-05-2022:12:50:10:769325', 'Gyro1': '128.36', 'Vx1': '-0.03', 'Vy1': '0.056', 'Vz1': '-0.004', 'Vm1': '0.063', 'Ax1': '0.0', 'Ay1': '-0.06', 'Az1': '-0.0', 'Gyro2': '112.324', 'Vx2': '-0.034', 'Vy2': '0.065', 'Vz2': '-0.005', 'Vm2': '0.073', 'Ax2': '0.0', 'Ay2': '-0.07', 'Az2': '-0.0', 'TheoV': '0.0', 'TheoA': '0.0'}"
"{'Timestamp': '23-05-2022:12:50:10:780116', 'Gyro1': '128.36', 'Vx1': '-0.03', 'Vy1': '0.055', 'Vz1': '-0.004', 'Vm1': '0.063', 'Ax1': '0.0', 'Ay1': '-0.06', 'Az1': '-0.0', 'Gyro2': '112.324', 'Vx2': '-0.034', 'Vy2': '0.064', 'Vz2': '-0.005', 'Vm2': '0.073', 'Ax2': '0.0', 'Ay2': '-0.07', 'Az2': '-0.0', 'TheoV': '0.0', 'TheoA': '0.0'}"
"{'Timestamp': '23-05-2022:12:50:10:790901', 'Gyro1': '128.36', 'Vx1': '-0.03', 'Vy1': '0.055', 'Vz1': '-0.004', 'Vm1': '0.062', 'Ax1': '0.0', 'Ay1': '-0.06', 'Az1': '-0.0', 'Gyro2': '112.324', 'Vx2': '-0.034', 'Vy2': '0.064', 'Vz2': '-0.005', 'Vm2': '0.072', 'Ax2': '0.0', 'Ay2': '-0.07', 'Az2': '-0.0', 'TheoV': '0.0', 'TheoA': '0.0'}"
"{'Timestamp': '23-05-2022:12:50:10:798970', 'Gyro1': '128.35', 'Vx1': '-0.03', 'Vy1': '0.055', 'Vz1': '-0.004', 'Vm1': '0.062', 'Ax1': '-0.0', 'Ay1': '-0.06', 'Az1': '-0.0', 'Gyro2': '112.324', 'Vx2': '-0.034', 'Vy2': '0.063', 'Vz2': '-0.005', 'Vm2': '0.072', 'Ax2': '-0.0', 'Ay2': '-0.07', 'Az2': '-0.0', 'TheoV': '-0.002', 'TheoA': '-0.2'}"
"{'Timestamp': '23-05-2022:12:50:10:809555', 'Gyro1': '128.35', 'Vx1': '-0.03', 'Vy1': '0.054', 'Vz1': '-0.004', 'Vm1': '0.062', 'Ax1': '-0.0', 'Ay1': '-0.06', 'Az1': '-0.0', 'Gyro2': '112.324', 'Vx2': '-0.034', 'Vy2': '0.063', 'Vz2': '-0.005', 'Vm2': '0.071', 'Ax2': '-0.0', 'Ay2': '-0.07', 'Az2': '-0.0', 'TheoV': '0.0', 'TheoA': '0.2'}"
"{'Timestamp': '23-05-2022:12:50:10:818890', 'Gyro1': '128.35', 'Vx1': '-0.03', 'Vy1': '0.054', 'Vz1': '-0.004', 'Vm1': '0.061', 'Ax1': '-0.0', 'Ay1': '-0.06', 'Az1': '-0.0', 'Gyro2': '112.324', 'Vx2': '-0.034', 'Vy2': '0.062', 'Vz2': '-0.005', 'Vm2': '0.071', 'Ax2': '-0.0', 'Ay2': '-0.07', 'Az2': '-0.0', 'TheoV': '0.0', 'TheoA': '0.0'}"
"{'Timestamp': '23-05-2022:12:50:10:830501', 'Gyro1': '128.35', 'Vx1': '-0.03', 'Vy1': '0.053', 'Vz1': '-0.004', 'Vm1': '0.061', 'Ax1': '-0.0', 'Ay1': '-0.06', 'Az1': '-0.0', 'Gyro2': '112.324', 'Vx2': '-0.034', 'Vy2': '0.062', 'Vz2': '-0.005', 'Vm2': '0.071', 'Ax2': '-0.0', 'Ay2': '-0.07', 'Az2': '-0.0', 'TheoV': '0.0', 'TheoA': '0.0'}"
"{'Timestamp': '23-05-2022:12:50:10:840276', 'Gyro1': '128.35', 'Vx1': '-0.03', 'Vy1': '0.053', 'Vz1': '-0.004', 'Vm1': '0.061', 'Ax1': '-0.0', 'Ay1': '-0.06', 'Az1': '-0.0', 'Gyro2': '112.324', 'Vx2': '-0.034', 'Vy2': '0.061', 'Vz2': '-0.005', 'Vm2': '0.07', 'Ax2': '-0.0', 'Ay2': '-0.07', 'Az2': '-0.0', 'TheoV': '0.0', 'TheoA': '0.0'}"
"{'Timestamp': '23-05-2022:12:50:10:852368', 'Gyro1': '128.35', 'Vx1': '-0.03', 'Vy1': '0.052', 'Vz1': '-0.004', 'Vm1': '0.06', 'Ax1': '-0.0', 'Ay1': '-0.06', 'Az1': '-0.0', 'Gyro2': '112.324', 'Vx2': '-0.034', 'Vy2': '0.061', 'Vz2': '-0.005', 'Vm2': '0.07', 'Ax2': '-0.0', 'Ay2': '-0.07', 'Az2': '-0.0', 'TheoV': '0.0', 'TheoA': '0.0'}"
"{'Timestamp': '23-05-2022:12:50:10:863455', 'Gyro1': '121.84', 'Vx1': '-0.029', 'Vy1': '0.052', 'Vz1': '-0.004', 'Vm1': '0.059', 'Ax1': '0.09', 'Ay1': '-0.07', 'Az1': '0.02', 'Gyro2': '104.354', 'Vx2': '-0.031', 'Vy2': '0.059', 'Vz2': '-0.005', 'Vm2': '0.067', 'Ax2': '0.23', 'Ay2': '-0.14', 'Az2': '0.05', 'TheoV': '-1.067', 'TheoA': '-97.001'}"
"{'Timestamp': '23-05-2022:12:50:10:876812', 'Gyro1': '121.84', 'Vx1': '-0.027', 'Vy1': '0.051', 'Vz1': '-0.003', 'Vm1': '0.058', 'Ax1': '0.09', 'Ay1': '-0.07', 'Az1': '0.02', 'Gyro2': '104.354', 'Vx2': '-0.028', 'Vy2': '0.058', 'Vz2': '-0.004', 'Vm2': '0.064', 'Ax2': '0.23', 'Ay2': '-0.14', 'Az2': '0.05', 'TheoV': '0.0', 'TheoA': '82.077'}"
"{'Timestamp': '23-05-2022:12:50:10:885989', 'Gyro1': '121.84', 'Vx1': '-0.026', 'Vy1': '0.051', 'Vz1': '-0.003', 'Vm1': '0.057', 'Ax1': '0.09', 'Ay1': '-0.07', 'Az1': '0.02', 'Gyro2': '104.354', 'Vx2': '-0.026', 'Vy2': '0.057', 'Vz2': '-0.003', 'Vm2': '0.062', 'Ax2': '0.23', 'Ay2': '-0.14', 'Az2': '0.05', 'TheoV': '0.0', 'TheoA': '0.0'}"
"{'Timestamp': '23-05-2022:12:50:10:897317', 'Gyro1': '121.84', 'Vx1': '-0.026', 'Vy1': '0.05', 'Vz1': '-0.003', 'Vm1': '0.056', 'Ax1': '0.09', 'Ay1': '-0.07', 'Az1': '0.02', 'Gyro2': '104.354', 'Vx2': '-0.024', 'Vy2': '0.055', 'Vz2': '-0.003', 'Vm2': '0.06', 'Ax2': '0.23', 'Ay2': '-0.14', 'Az2': '0.05', 'TheoV': '0.0', 'TheoA': '0.0'}"
"{'Timestamp': '23-05-2022:12:50:10:905024', 'Gyro1': '121.84', 'Vx1': '-0.025', 'Vy1': '0.05', 'Vz1': '-0.003', 'Vm1': '0.056', 'Ax1': '0.09', 'Ay1': '-0.07', 'Az1': '0.02', 'Gyro2': '104.354', 'Vx2': '-0.022', 'Vy2': '0.054', 'Vz2': '-0.003', 'Vm2': '0.059', 'Ax2': '0.23', 'Ay2': '-0.14', 'Az2': '0.05', 'TheoV': '0.0', 'TheoA': '0.0'}"
"{'Timestamp': '23-05-2022:12:50:10:915471', 'Gyro1': '118.32', 'Vx1': '-0.023', 'Vy1': '0.049', 'Vz1': '-0.002', 'Vm1': '0.054', 'Ax1': '0.18', 'Ay1': '-0.09', 'Az1': '0.04', 'Gyro2': '102.334', 'Vx2': '-0.019', 'Vy2': '0.053', 'Vz2': '-0.002', 'Vm2': '0.056', 'Ax2': '0.3', 'Ay2': '-0.15', 'Az2': '0.07', 'TheoV': '-0.586', 'TheoA': '-53.273'}"
"{'Timestamp': '23-05-2022:12:50:10:924301', 'Gyro1': '118.32', 'Vx1': '-0.022', 'Vy1': '0.049', 'Vz1': '-0.002', 'Vm1': '0.053', 'Ax1': '0.18', 'Ay1': '-0.09', 'Az1': '0.04', 'Gyro2': '102.334', 'Vx2': '-0.017', 'Vy2': '0.052', 'Vz2': '-0.001', 'Vm2': '0.055', 'Ax2': '0.3', 'Ay2': '-0.15', 'Az2': '0.07', 'TheoV': '0.0', 'TheoA': '83.715'}"
"{'Timestamp': '23-05-2022:12:50:10:932841', 'Gyro1': '118.32', 'Vx1': '-0.02', 'Vy1': '0.048', 'Vz1': '-0.002', 'Vm1': '0.052', 'Ax1': '0.18', 'Ay1': '-0.09', 'Az1': '0.04', 'Gyro2': '102.334', 'Vx2': '-0.013', 'Vy2': '0.051', 'Vz2': '-0.0', 'Vm2': '0.052', 'Ax2': '0.3', 'Ay2': '-0.15', 'Az2': '0.07', 'TheoV': '0.0', 'TheoA': '0.0'}"
"{'Timestamp': '23-05-2022:12:50:10:941154', 'Gyro1': '118.32', 'Vx1': '-0.018', 'Vy1': '0.047', 'Vz1': '-0.001', 'Vm1': '0.051', 'Ax1': '0.18', 'Ay1': '-0.09', 'Az1': '0.04', 'Gyro2': '102.334', 'Vx2': '-0.011', 'Vy2': '0.05', 'Vz2': '0.0', 'Vm2': '0.051', 'Ax2': '0.3', 'Ay2': '-0.15', 'Az2': '0.07', 'TheoV': '0.0', 'TheoA': '0.0'}"
"{'Timestamp': '23-05-2022:12:50:10:950685', 'Gyro1': '118.32', 'Vx1': '-0.017', 'Vy1': '0.047', 'Vz1': '-0.001', 'Vm1': '0.05', 'Ax1': '0.18', 'Ay1': '-0.09', 'Az1': '0.04', 'Gyro2': '102.334', 'Vx2': '-0.009', 'Vy2': '0.049', 'Vz2': '0.001', 'Vm2': '0.049', 'Ax2': '0.3', 'Ay2': '-0.15', 'Az2': '0.07', 'TheoV': '0.0', 'TheoA': '0.0'}"
"{'Timestamp': '23-05-2022:12:50:10:959010', 'Gyro1': '118.32', 'Vx1': '-0.015', 'Vy1': '0.046', 'Vz1': '-0.001', 'Vm1': '0.048', 'Ax1': '0.18', 'Ay1': '-0.09', 'Az1': '0.04', 'Gyro2': '102.334', 'Vx2': '-0.006', 'Vy2': '0.047', 'Vz2': '0.001', 'Vm2': '0.048', 'Ax2': '0.3', 'Ay2': '-0.15', 'Az2': '0.07', 'TheoV': '0.0', 'TheoA': '0.0'}"
"{'Timestamp': '23-05-2022:12:50:10:969452', 'Gyro1': '115.7', 'Vx1': '-0.013', 'Vy1': '0.045', 'Vz1': '-0.0', 'Vm1': '0.047', 'Ax1': '0.19', 'Ay1': '-0.08', 'Az1': '0.04', 'Gyro2': '99.724', 'Vx2': '-0.002', 'Vy2': '0.046', 'Vz2': '0.002', 'Vm2': '0.046', 'Ax2': '0.35', 'Ay2': '-0.14', 'Az2': '0.08', 'TheoV': '-0.483', 'TheoA': '-48.3'}"
"{'Timestamp': '23-05-2022:12:50:10:979877', 'Gyro1': '115.7', 'Vx1': '-0.011', 'Vy1': '0.045', 'Vz1': '0.0', 'Vm1': '0.046', 'Ax1': '0.19', 'Ay1': '-0.08', 'Az1': '0.04', 'Gyro2': '99.724', 'Vx2': '0.002', 'Vy2': '0.045', 'Vz2': '0.003', 'Vm2': '0.045', 'Ax2': '0.35', 'Ay2': '-0.14', 'Az2': '0.08', 'TheoV': '0.0', 'TheoA': '43.908'}"
"{'Timestamp': '23-05-2022:12:50:10:988715', 'Gyro1': '115.7', 'Vx1': '-0.009', 'Vy1': '0.044', 'Vz1': '0.001', 'Vm1': '0.045', 'Ax1': '0.19', 'Ay1': '-0.08', 'Az1': '0.04', 'Gyro2': '99.724', 'Vx2': '0.005', 'Vy2': '0.044', 'Vz2': '0.004', 'Vm2': '0.044', 'Ax2': '0.35', 'Ay2': '-0.14', 'Az2': '0.08', 'TheoV': '0.0', 'TheoA': '0.0'}"
"{'Timestamp': '23-05-2022:12:50:10:998628', 'Gyro1': '115.7', 'Vx1': '-0.007', 'Vy1': '0.044', 'Vz1': '0.001', 'Vm1': '0.044', 'Ax1': '0.19', 'Ay1': '-0.08', 'Az1': '0.04', 'Gyro2': '99.724', 'Vx2': '0.008', 'Vy2': '0.042', 'Vz2': '0.005', 'Vm2': '0.043', 'Ax2': '0.35', 'Ay2': '-0.14', 'Az2': '0.08', 'TheoV': '0.0', 'TheoA': '0.0'}"
"{'Timestamp': '23-05-2022:12:50:11:010115', 'Gyro1': '115.7', 'Vx1': '-0.005', 'Vy1': '0.043', 'Vz1': '0.001', 'Vm1': '0.043', 'Ax1': '0.19', 'Ay1': '-0.08', 'Az1': '0.04', 'Gyro2': '99.724', 'Vx2': '0.012', 'Vy2': '0.041', 'Vz2': '0.005', 'Vm2': '0.043', 'Ax2': '0.35', 'Ay2': '-0.14', 'Az2': '0.08', 'TheoV': '0.0', 'TheoA': '0.0'}"
"{'Timestamp': '23-05-2022:12:50:11:021304', 'Gyro1': '108.88', 'Vx1': '-0.004', 'Vy1': '0.043', 'Vz1': '0.002', 'Vm1': '0.043', 'Ax1': '0.14', 'Ay1': '-0.01', 'Az1': '0.03', 'Gyro2': '92.894', 'Vx2': '0.015', 'Vy2': '0.041', 'Vz2': '0.006', 'Vm2': '0.044', 'Ax2': '0.32', 'Ay2': '-0.01', 'Az2': '0.07', 'TheoV': '-1.413', 'TheoA': '-157.003'}"
"{'Timestamp': '23-05-2022:12:50:11:030120', 'Gyro1': '108.88', 'Vx1': '-0.002', 'Vy1': '0.043', 'Vz1': '0.002', 'Vm1': '0.043', 'Ax1': '0.14', 'Ay1': '-0.01', 'Az1': '0.03', 'Gyro2': '92.894', 'Vx2': '0.019', 'Vy2': '0.041', 'Vz2': '0.007', 'Vm2': '0.045', 'Ax2': '0.32', 'Ay2': '-0.01', 'Az2': '0.07', 'TheoV': '0.0', 'TheoA': '128.453'}"
"{'Timestamp': '23-05-2022:12:50:11:039135', 'Gyro1': '108.88', 'Vx1': '-0.001', 'Vy1': '0.043', 'Vz1': '0.002', 'Vm1': '0.043', 'Ax1': '0.14', 'Ay1': '-0.01', 'Az1': '0.03', 'Gyro2': '92.894', 'Vx2': '0.022', 'Vy2': '0.041', 'Vz2': '0.007', 'Vm2': '0.047', 'Ax2': '0.32', 'Ay2': '-0.01', 'Az2': '0.07', 'TheoV': '0.0', 'TheoA': '0.0'}"
"{'Timestamp': '23-05-2022:12:50:11:049488', 'Gyro1': '108.88', 'Vx1': '0.0', 'Vy1': '0.043', 'Vz1': '0.003', 'Vm1': '0.043', 'Ax1': '0.14', 'Ay1': '-0.01', 'Az1': '0.03', 'Gyro2': '92.894', 'Vx2': '0.025', 'Vy2': '0.042', 'Vz2': '0.008', 'Vm2': '0.048', 'Ax2': '0.32', 'Ay2': '-0.01', 'Az2': '0.07', 'TheoV': '0.0', 'TheoA': '0.0'}"
"{'Timestamp': '23-05-2022:12:50:11:060348', 'Gyro1': '108.88', 'Vx1': '0.002', 'Vy1': '0.043', 'Vz1': '0.003', 'Vm1': '0.043', 'Ax1': '0.14', 'Ay1': '-0.01', 'Az1': '0.03', 'Gyro2': '92.894', 'Vx2': '0.028', 'Vy2': '0.042', 'Vz2': '0.009', 'Vm2': '0.05', 'Ax2': '0.32', 'Ay2': '-0.01', 'Az2': '0.07', 'TheoV': '0.0', 'TheoA': '0.0'}"
"{'Timestamp': '23-05-2022:12:50:11:069370', 'Gyro1': '108.88', 'Vx1': '0.003', 'Vy1': '0.044', 'Vz1': '0.003', 'Vm1': '0.044', 'Ax1': '0.14', 'Ay1': '-0.01', 'Az1': '0.03', 'Gyro2': '92.894', 'Vx2': '0.031', 'Vy2': '0.042', 'Vz2': '0.01', 'Vm2': '0.052', 'Ax2': '0.32', 'Ay2': '-0.01', 'Az2': '0.07', 'TheoV': '0.0', 'TheoA': '0.0'}"
"{'Timestamp': '23-05-2022:12:50:11:079656', 'Gyro1': '58.5', 'Vx1': '0.002', 'Vy1': '0.044', 'Vz1': '0.003', 'Vm1': '0.044', 'Ax1': '-0.11', 'Ay1': '-0.0', 'Az1': '-0.02', 'Gyro2': '40.094', 'Vx2': '0.029', 'Vy2': '0.041', 'Vz2': '0.009', 'Vm2': '0.05', 'Ax2': '-0.24', 'Ay2': '-0.07', 'Az2': '-0.04', 'TheoV': '-8.568', 'TheoA': '-778.915'}"
"{'Timestamp': '23-05-2022:12:50:11:089262', 'Gyro1': '58.5', 'Vx1': '0.001', 'Vy1': '0.044', 'Vz1': '0.003', 'Vm1': '0.044', 'Ax1': '-0.11', 'Ay1': '-0.0', 'Az1': '-0.02', 'Gyro2': '40.094', 'Vx2': '0.026', 'Vy2': '0.041', 'Vz2': '0.009', 'Vm2': '0.049', 'Ax2': '-0.24', 'Ay2': '-0.07', 'Az2': '-0.04', 'TheoV': '0.0', 'TheoA': '951.993'}"
"{'Timestamp': '23-05-2022:12:50:11:100575', 'Gyro1': '58.5', 'Vx1': '-0.0', 'Vy1': '0.044', 'Vz1': '0.003', 'Vm1': '0.044', 'Ax1': '-0.11', 'Ay1': '-0.0', 'Az1': '-0.02', 'Gyro2': '40.094', 'Vx2': '0.024', 'Vy2': '0.04', 'Vz2': '0.008', 'Vm2': '0.047', 'Ax2': '-0.24', 'Ay2': '-0.07', 'Az2': '-0.04', 'TheoV': '0.0', 'TheoA': '0.0'}"
"{'Timestamp': '23-05-2022:12:50:11:110193', 'Gyro1': '58.5', 'Vx1': '-0.001', 'Vy1': '0.044', 'Vz1': '0.002', 'Vm1': '0.044', 'Ax1': '-0.11', 'Ay1': '-0.0', 'Az1': '-0.02', 'Gyro2': '40.094', 'Vx2': '0.021', 'Vy2': '0.04', 'Vz2': '0.008', 'Vm2': '0.045', 'Ax2': '-0.24', 'Ay2': '-0.07', 'Az2': '-0.04', 'TheoV': '0.0', 'TheoA': '0.0'}"
"{'Timestamp': '23-05-2022:12:50:11:119408', 'Gyro1': '58.5', 'Vx1': '-0.002', 'Vy1': '0.045', 'Vz1': '0.002', 'Vm1': '0.045', 'Ax1': '-0.11', 'Ay1': '-0.0', 'Az1': '-0.02', 'Gyro2': '40.094', 'Vx2': '0.019', 'Vy2': '0.039', 'Vz2': '0.008', 'Vm2': '0.044', 'Ax2': '-0.24', 'Ay2': '-0.07', 'Az2': '-0.04', 'TheoV': '0.0', 'TheoA': '0.0'}"
"{'Timestamp': '23-05-2022:12:50:11:129790', 'Gyro1': '55.71', 'Vx1': '-0.003', 'Vy1': '0.044', 'Vz1': '0.002', 'Vm1': '0.044', 'Ax1': '-0.09', 'Ay1': '-0.06', 'Az1': '-0.02', 'Gyro2': '38.864', 'Vx2': '0.017', 'Vy2': '0.038', 'Vz2': '0.007', 'Vm2': '0.042', 'Ax2': '-0.23', 'Ay2': '-0.11', 'Az2': '-0.04', 'TheoV': '-0.43', 'TheoA': '-39.091'}"
"{'Timestamp': '23-05-2022:12:50:11:141335', 'Gyro1': '55.71', 'Vx1': '-0.004', 'Vy1': '0.044', 'Vz1': '0.002', 'Vm1': '0.044', 'Ax1': '-0.09', 'Ay1': '-0.06', 'Az1': '-0.02', 'Gyro2': '38.864', 'Vx2': '0.014', 'Vy2': '0.037', 'Vz2': '0.007', 'Vm2': '0.04', 'Ax2': '-0.23', 'Ay2': '-0.11', 'Az2': '-0.04', 'TheoV': '0.0', 'TheoA': '39.09'}"
"{'Timestamp': '23-05-2022:12:50:11:149380', 'Gyro1': '55.71', 'Vx1': '-0.005', 'Vy1': '0.043', 'Vz1': '0.002', 'Vm1': '0.044', 'Ax1': '-0.09', 'Ay1': '-0.06', 'Az1': '-0.02', 'Gyro2': '38.864', 'Vx2': '0.012', 'Vy2': '0.037', 'Vz2': '0.006', 'Vm2': '0.039', 'Ax2': '-0.23', 'Ay2': '-0.11', 'Az2': '-0.04', 'TheoV': '0.0', 'TheoA': '0.0'}"
"{'Timestamp': '23-05-2022:12:50:11:159137', 'Gyro1': '55.71', 'Vx1': '-0.006', 'Vy1': '0.043', 'Vz1': '0.001', 'Vm1': '0.043', 'Ax1': '-0.09', 'Ay1': '-0.06', 'Az1': '-0.02', 'Gyro2': '38.864', 'Vx2': '0.01', 'Vy2': '0.036', 'Vz2': '0.006', 'Vm2': '0.037', 'Ax2': '-0.23', 'Ay2': '-0.11', 'Az2': '-0.04', 'TheoV': '0.0', 'TheoA': '0.0'}"
"{'Timestamp': '23-05-2022:12:50:11:169327', 'Gyro1': '55.71', 'Vx1': '-0.007', 'Vy1': '0.043', 'Vz1': '0.001', 'Vm1': '0.043', 'Ax1': '-0.09', 'Ay1': '-0.06', 'Az1': '-0.02', 'Gyro2': '38.864', 'Vx2': '0.008', 'Vy2': '0.035', 'Vz2': '0.006', 'Vm2': '0.036', 'Ax2': '-0.23', 'Ay2': '-0.11', 'Az2': '-0.04', 'TheoV': '0.0', 'TheoA': '0.0'}"
"{'Timestamp': '23-05-2022:12:50:11:179784', 'Gyro1': '55.71', 'Vx1': '-0.008', 'Vy1': '0.042', 'Vz1': '0.001', 'Vm1': '0.043', 'Ax1': '-0.09', 'Ay1': '-0.06', 'Az1': '-0.02', 'Gyro2': '38.864', 'Vx2': '0.005', 'Vy2': '0.034', 'Vz2': '0.005', 'Vm2': '0.034', 'Ax2': '-0.23', 'Ay2': '-0.11', 'Az2': '-0.04', 'TheoV': '0.0', 'TheoA': '0.0'}"
"{'Timestamp': '23-05-2022:12:50:11:189262', 'Gyro1': '54.93', 'Vx1': '-0.009', 'Vy1': '0.042', 'Vz1': '0.001', 'Vm1': '0.042', 'Ax1': '-0.08', 'Ay1': '-0.08', 'Az1': '-0.01', 'Gyro2': '38.034', 'Vx2': '0.003', 'Vy2': '0.033', 'Vz2': '0.005', 'Vm2': '0.033', 'Ax2': '-0.22', 'Ay2': '-0.14', 'Az2': '-0.03', 'TheoV': '-0.13', 'TheoA': '-13.0'}"
"{'Timestamp': '23-05-2022:12:50:11:200111', 'Gyro1': '54.93', 'Vx1': '-0.009', 'Vy1': '0.041', 'Vz1': '0.001', 'Vm1': '0.042', 'Ax1': '-0.08', 'Ay1': '-0.08', 'Az1': '-0.01', 'Gyro2': '38.034', 'Vx2': '0.001', 'Vy2': '0.031', 'Vz2': '0.005', 'Vm2': '0.031', 'Ax2': '-0.22', 'Ay2': '-0.14', 'Az2': '-0.03', 'TheoV': '0.0', 'TheoA': '13.0'}"
"{'Timestamp': '23-05-2022:12:50:11:209937', 'Gyro1': '54.93', 'Vx1': '-0.01', 'Vy1': '0.04', 'Vz1': '0.001', 'Vm1': '0.042', 'Ax1': '-0.08', 'Ay1': '-0.08', 'Az1': '-0.01', 'Gyro2': '38.034', 'Vx2': '-0.001', 'Vy2': '0.03', 'Vz2': '0.004', 'Vm2': '0.03', 'Ax2': '-0.22', 'Ay2': '-0.14', 'Az2': '-0.03', 'TheoV': '0.0', 'TheoA': '0.0'}"
"{'Timestamp': '23-05-2022:12:50:11:220028', 'Gyro1': '54.93', 'Vx1': '-0.011', 'Vy1': '0.04', 'Vz1': '0.001', 'Vm1': '0.041', 'Ax1': '-0.08', 'Ay1': '-0.08', 'Az1': '-0.01', 'Gyro2': '38.034', 'Vx2': '-0.003', 'Vy2': '0.029', 'Vz2': '0.004', 'Vm2': '0.029', 'Ax2': '-0.22', 'Ay2': '-0.14', 'Az2': '-0.03', 'TheoV': '0.0', 'TheoA': '0.0'}"
"{'Timestamp': '23-05-2022:12:50:11:229112', 'Gyro1': '54.93', 'Vx1': '-0.012', 'Vy1': '0.039', 'Vz1': '0.001', 'Vm1': '0.041', 'Ax1': '-0.08', 'Ay1': '-0.08', 'Az1': '-0.01', 'Gyro2': '38.034', 'Vx2': '-0.006', 'Vy2': '0.028', 'Vz2': '0.004', 'Vm2': '0.028', 'Ax2': '-0.22', 'Ay2': '-0.14', 'Az2': '-0.03', 'TheoV': '0.0', 'TheoA': '0.0'}"
"{'Timestamp': '23-05-2022:12:50:11:239130', 'Gyro1': '55.8', 'Vx1': '-0.012', 'Vy1': '0.04', 'Vz1': '0.001', 'Vm1': '0.041', 'Ax1': '0.0', 'Ay1': '0.04', 'Az1': '0.0', 'Gyro2': '38.884', 'Vx2': '-0.006', 'Vy2': '0.029', 'Vz2': '0.004', 'Vm2': '0.029', 'Ax2': '0.0', 'Ay2': '0.05', 'Az2': '-0.0', 'TheoV': '0.145', 'TheoA': '14.5'}"
"{'Timestamp': '23-05-2022:12:50:11:249625', 'Gyro1': '55.8', 'Vx1': '-0.012', 'Vy1': '0.04', 'Vz1': '0.001', 'Vm1': '0.042', 'Ax1': '0.0', 'Ay1': '0.04', 'Az1': '0.0', 'Gyro2': '38.884', 'Vx2': '-0.006', 'Vy2': '0.029', 'Vz2': '0.004', 'Vm2': '0.03', 'Ax2': '0.0', 'Ay2': '0.05', 'Az2': '-0.0', 'TheoV': '0.0', 'TheoA': '-14.5'}"
"{'Timestamp': '23-05-2022:12:50:11:260764', 'Gyro1': '55.8', 'Vx1': '-0.012', 'Vy1': '0.041', 'Vz1': '0.001', 'Vm1': '0.043', 'Ax1': '0.0', 'Ay1': '0.04', 'Az1': '0.0', 'Gyro2': '38.884', 'Vx2': '-0.006', 'Vy2': '0.03', 'Vz2': '0.004', 'Vm2': '0.03', 'Ax2': '0.0', 'Ay2': '0.05', 'Az2': '-0.0', 'TheoV': '0.0', 'TheoA': '0.0'}"
"{'Timestamp': '23-05-2022:12:50:11:269224', 'Gyro1': '55.8', 'Vx1': '-0.012', 'Vy1': '0.042', 'Vz1': '0.001', 'Vm1': '0.043', 'Ax1': '0.0', 'Ay1': '0.04', 'Az1': '0.0', 'Gyro2': '38.884', 'Vx2': '-0.006', 'Vy2': '0.031', 'Vz2': '0.004', 'Vm2': '0.031', 'Ax2': '0.0', 'Ay2': '0.05', 'Az2': '-0.0', 'TheoV': '0.0', 'TheoA': '0.0'}"
"{'Timestamp': '23-05-2022:12:50:11:279115', 'Gyro1': '55.8', 'Vx1': '-0.012', 'Vy1': '0.042', 'Vz1': '0.001', 'Vm1': '0.044', 'Ax1': '0.0', 'Ay1': '0.04', 'Az1': '0.0', 'Gyro2': '38.884', 'Vx2': '-0.006', 'Vy2': '0.031', 'Vz2': '0.004', 'Vm2': '0.032', 'Ax2': '0.0', 'Ay2': '0.05', 'Az2': '-0.0', 'TheoV': '0.0', 'TheoA': '0.0'}"
"{'Timestamp': '23-05-2022:12:50:11:289262', 'Gyro1': '55.84', 'Vx1': '-0.012', 'Vy1': '0.043', 'Vz1': '0.001', 'Vm1': '0.044', 'Ax1': '-0.01', 'Ay1': '0.04', 'Az1': '-0.0', 'Gyro2': '38.904', 'Vx2': '-0.006', 'Vy2': '0.032', 'Vz2': '0.004', 'Vm2': '0.032', 'Ax2': '-0.01', 'Ay2': '0.04', 'Az2': '-0.0', 'TheoV': '0.007', 'TheoA': '0.7'}"
"{'Timestamp': '23-05-2022:12:50:11:300795', 'Gyro1': '55.84', 'Vx1': '-0.012', 'Vy1': '0.043', 'Vz1': '0.001', 'Vm1': '0.045', 'Ax1': '-0.01', 'Ay1': '0.04', 'Az1': '-0.0', 'Gyro2': '38.904', 'Vx2': '-0.006', 'Vy2': '0.033', 'Vz2': '0.004', 'Vm2': '0.033', 'Ax2': '-0.01', 'Ay2': '0.04', 'Az2': '-0.0', 'TheoV': '0.0', 'TheoA': '-0.7'}"
"{'Timestamp': '23-05-2022:12:50:11:309755', 'Gyro1': '55.84', 'Vx1': '-0.012', 'Vy1': '0.044', 'Vz1': '0.001', 'Vm1': '0.046', 'Ax1': '-0.01', 'Ay1': '0.04', 'Az1': '-0.0', 'Gyro2': '38.904', 'Vx2': '-0.006', 'Vy2': '0.033', 'Vz2': '0.004', 'Vm2': '0.034', 'Ax2': '-0.01', 'Ay2': '0.04', 'Az2': '-0.0', 'TheoV': '0.0', 'TheoA': '0.0'}"
"{'Timestamp': '23-05-2022:12:50:11:318841', 'Gyro1': '55.84', 'Vx1': '-0.012', 'Vy1': '0.045', 'Vz1': '0.001', 'Vm1': '0.046', 'Ax1': '-0.01', 'Ay1': '0.04', 'Az1': '-0.0', 'Gyro2': '38.904', 'Vx2': '-0.006', 'Vy2': '0.034', 'Vz2': '0.004', 'Vm2': '0.034', 'Ax2': '-0.01', 'Ay2': '0.04', 'Az2': '-0.0', 'TheoV': '0.0', 'TheoA': '0.0'}"
"{'Timestamp': '23-05-2022:12:50:11:328630', 'Gyro1': '55.84', 'Vx1': '-0.012', 'Vy1': '0.045', 'Vz1': '0.001', 'Vm1': '0.047', 'Ax1': '-0.01', 'Ay1': '0.04', 'Az1': '-0.0', 'Gyro2': '38.904', 'Vx2': '-0.006', 'Vy2': '0.034', 'Vz2': '0.004', 'Vm2': '0.035', 'Ax2': '-0.01', 'Ay2': '0.04', 'Az2': '-0.0', 'TheoV': '0.0', 'TheoA': '0.0'}"
"{'Timestamp': '23-05-2022:12:50:11:341148', 'Gyro1': '55.84', 'Vx1': '-0.012', 'Vy1': '0.046', 'Vz1': '0.001', 'Vm1': '0.047', 'Ax1': '-0.01', 'Ay1': '0.04', 'Az1': '-0.0', 'Gyro2': '38.904', 'Vx2': '-0.006', 'Vy2': '0.035', 'Vz2': '0.004', 'Vm2': '0.036', 'Ax2': '-0.01', 'Ay2': '0.04', 'Az2': '-0.0', 'TheoV': '0.0', 'TheoA': '0.0'}"
"{'Timestamp': '23-05-2022:12:50:11:350524', 'Gyro1': '55.92', 'Vx1': '-0.013', 'Vy1': '0.046', 'Vz1': '0.001', 'Vm1': '0.048', 'Ax1': '-0.01', 'Ay1': '0.03', 'Az1': '-0.0', 'Gyro2': '38.984', 'Vx2': '-0.006', 'Vy2': '0.035', 'Vz2': '0.004', 'Vm2': '0.036', 'Ax2': '-0.02', 'Ay2': '0.03', 'Az2': '-0.0', 'TheoV': '0.013', 'TheoA': '1.3'}"
"{'Timestamp': '23-05-2022:12:50:11:360148', 'Gyro1': '55.92', 'Vx1': '-0.013', 'Vy1': '0.047', 'Vz1': '0.001', 'Vm1': '0.048', 'Ax1': '-0.01', 'Ay1': '0.03', 'Az1': '-0.0', 'Gyro2': '38.984', 'Vx2': '-0.007', 'Vy2': '0.036', 'Vz2': '0.004', 'Vm2': '0.037', 'Ax2': '-0.02', 'Ay2': '0.03', 'Az2': '-0.0', 'TheoV': '0.0', 'TheoA': '-1.3'}"
"{'Timestamp': '23-05-2022:12:50:11:369142', 'Gyro1': '55.92', 'Vx1': '-0.013', 'Vy1': '0.047', 'Vz1': '0.001', 'Vm1': '0.049', 'Ax1': '-0.01', 'Ay1': '0.03', 'Az1': '-0.0', 'Gyro2': '38.984', 'Vx2': '-0.007', 'Vy2': '0.036', 'Vz2': '0.004', 'Vm2': '0.037', 'Ax2': '-0.02', 'Ay2': '0.03', 'Az2': '-0.0', 'TheoV': '0.0', 'TheoA': '0.0'}"
"{'Timestamp': '23-05-2022:12:50:11:380477', 'Gyro1': '55.92', 'Vx1': '-0.013', 'Vy1': '0.048', 'Vz1': '0.001', 'Vm1': '0.049', 'Ax1': '-0.01', 'Ay1': '0.03', 'Az1': '-0.0', 'Gyro2': '38.984', 'Vx2': '-0.007', 'Vy2': '0.037', 'Vz2': '0.004', 'Vm2': '0.038', 'Ax2': '-0.02', 'Ay2': '0.03', 'Az2': '-0.0', 'TheoV': '0.0', 'TheoA': '0.0'}"
"{'Timestamp': '23-05-2022:12:50:11:389267', 'Gyro1': '55.92', 'Vx1': '-0.013', 'Vy1': '0.048', 'Vz1': '0.001', 'Vm1': '0.05', 'Ax1': '-0.01', 'Ay1': '0.03', 'Az1': '-0.0', 'Gyro2': '38.984', 'Vx2': '-0.007', 'Vy2': '0.037', 'Vz2': '0.004', 'Vm2': '0.038', 'Ax2': '-0.02', 'Ay2': '0.03', 'Az2': '-0.0', 'TheoV': '0.0', 'TheoA': '0.0'}"
"{'Timestamp': '23-05-2022:12:50:11:399637', 'Gyro1': '55.92', 'Vx1': '-0.013', 'Vy1': '0.049', 'Vz1': '0.001', 'Vm1': '0.051', 'Ax1': '-0.01', 'Ay1': '0.03', 'Az1': '-0.0', 'Gyro2': '38.984', 'Vx2': '-0.007', 'Vy2': '0.038', 'Vz2': '0.004', 'Vm2': '0.039', 'Ax2': '-0.02', 'Ay2': '0.03', 'Az2': '-0.0', 'TheoV': '0.0', 'TheoA': '0.0'}"
"{'Timestamp': '23-05-2022:12:50:11:409553', 'Gyro1': '98.02', 'Vx1': '-0.012', 'Vy1': '0.049', 'Vz1': '0.001', 'Vm1': '0.051', 'Ax1': '0.08', 'Ay1': '0.02', 'Az1': '0.01', 'Gyro2': '83.534', 'Vx2': '-0.005', 'Vy2': '0.038', 'Vz2': '0.004', 'Vm2': '0.039', 'Ax2': '0.32', 'Ay2': '0.02', 'Az2': '0.04', 'TheoV': '8.673', 'TheoA': '963.66'}"
"{'Timestamp': '23-05-2022:12:50:11:421249', 'Gyro1': '98.02', 'Vx1': '-0.011', 'Vy1': '0.05', 'Vz1': '0.001', 'Vm1': '0.051', 'Ax1': '0.08', 'Ay1': '0.02', 'Az1': '0.01', 'Gyro2': '83.534', 'Vx2': '-0.001', 'Vy2': '0.039', 'Vz2': '0.004', 'Vm2': '0.039', 'Ax2': '0.32', 'Ay2': '0.02', 'Az2': '0.04', 'TheoV': '0.0', 'TheoA': '-722.745'}"
"{'Timestamp': '23-05-2022:12:50:11:429768', 'Gyro1': '98.02', 'Vx1': '-0.011', 'Vy1': '0.05', 'Vz1': '0.001', 'Vm1': '0.051', 'Ax1': '0.08', 'Ay1': '0.02', 'Az1': '0.01', 'Gyro2': '83.534', 'Vx2': '0.002', 'Vy2': '0.039', 'Vz2': '0.005', 'Vm2': '0.039', 'Ax2': '0.32', 'Ay2': '0.02', 'Az2': '0.04', 'TheoV': '0.0', 'TheoA': '0.0'}"
"{'Timestamp': '23-05-2022:12:50:11:440219', 'Gyro1': '98.02', 'Vx1': '-0.01', 'Vy1': '0.05', 'Vz1': '0.001', 'Vm1': '0.051', 'Ax1': '0.08', 'Ay1': '0.02', 'Az1': '0.01', 'Gyro2': '83.534', 'Vx2': '0.005', 'Vy2': '0.04', 'Vz2': '0.005', 'Vm2': '0.04', 'Ax2': '0.32', 'Ay2': '0.02', 'Az2': '0.04', 'TheoV': '0.0', 'TheoA': '0.0'}"
"{'Timestamp': '23-05-2022:12:50:11:449685', 'Gyro1': '98.02', 'Vx1': '-0.009', 'Vy1': '0.051', 'Vz1': '0.001', 'Vm1': '0.052', 'Ax1': '0.08', 'Ay1': '0.02', 'Az1': '0.01', 'Gyro2': '83.534', 'Vx2': '0.009', 'Vy2': '0.04', 'Vz2': '0.006', 'Vm2': '0.041', 'Ax2': '0.32', 'Ay2': '0.02', 'Az2': '0.04', 'TheoV': '0.0', 'TheoA': '0.0'}"
"{'Timestamp': '23-05-2022:12:50:11:461153', 'Gyro1': '101.15', 'Vx1': '-0.007', 'Vy1': '0.051', 'Vz1': '0.001', 'Vm1': '0.051', 'Ax1': '0.19', 'Ay1': '-0.03', 'Az1': '0.03', 'Gyro2': '84.844', 'Vx2': '0.012', 'Vy2': '0.04', 'Vz2': '0.006', 'Vm2': '0.042', 'Ax2': '0.38', 'Ay2': '-0.01', 'Az2': '0.06', 'TheoV': '0.596', 'TheoA': '59.599'}"
"{'Timestamp': '23-05-2022:12:50:11:469388', 'Gyro1': '101.15', 'Vx1': '-0.005', 'Vy1': '0.051', 'Vz1': '0.002', 'Vm1': '0.051', 'Ax1': '0.19', 'Ay1': '-0.03', 'Az1': '0.03', 'Gyro2': '84.844', 'Vx2': '0.016', 'Vy2': '0.04', 'Vz2': '0.007', 'Vm2': '0.043', 'Ax2': '0.38', 'Ay2': '-0.01', 'Az2': '0.06', 'TheoV': '0.0', 'TheoA': '-66.224'}"
"{'Timestamp': '23-05-2022:12:50:11:479820', 'Gyro1': '101.15', 'Vx1': '-0.003', 'Vy1': '0.05', 'Vz1': '0.002', 'Vm1': '0.051', 'Ax1': '0.19', 'Ay1': '-0.03', 'Az1': '0.03', 'Gyro2': '84.844', 'Vx2': '0.02', 'Vy2': '0.04', 'Vz2': '0.007', 'Vm2': '0.045', 'Ax2': '0.38', 'Ay2': '-0.01', 'Az2': '0.06', 'TheoV': '0.0', 'TheoA': '0.0'}"
"{'Timestamp': '23-05-2022:12:50:11:489726', 'Gyro1': '101.15', 'Vx1': '-0.001', 'Vy1': '0.05', 'Vz1': '0.002', 'Vm1': '0.05', 'Ax1': '0.19', 'Ay1': '-0.03', 'Az1': '0.03', 'Gyro2': '84.844', 'Vx2': '0.024', 'Vy2': '0.04', 'Vz2': '0.008', 'Vm2': '0.047', 'Ax2': '0.38', 'Ay2': '-0.01', 'Az2': '0.06', 'TheoV': '0.0', 'TheoA': '0.0'}"
"{'Timestamp': '23-05-2022:12:50:11:500539', 'Gyro1': '101.15', 'Vx1': '0.0', 'Vy1': '0.05', 'Vz1': '0.003', 'Vm1': '0.05', 'Ax1': '0.19', 'Ay1': '-0.03', 'Az1': '0.03', 'Gyro2': '84.844', 'Vx2': '0.027', 'Vy2': '0.04', 'Vz2': '0.009', 'Vm2': '0.049', 'Ax2': '0.38', 'Ay2': '-0.01', 'Az2': '0.06', 'TheoV': '0.0', 'TheoA': '0.0'}"
"{'Timestamp': '23-05-2022:12:50:11:510385', 'Gyro1': '101.15', 'Vx1': '0.002', 'Vy1': '0.05', 'Vz1': '0.003', 'Vm1': '0.05', 'Ax1': '0.19', 'Ay1': '-0.03', 'Az1': '0.03', 'Gyro2': '84.844', 'Vx2': '0.031', 'Vy2': '0.041', 'Vz2': '0.009', 'Vm2': '0.051', 'Ax2': '0.38', 'Ay2': '-0.01', 'Az2': '0.06', 'TheoV': '0.0', 'TheoA': '0.0'}"
"{'Timestamp': '23-05-2022:12:50:11:518795', 'Gyro1': '101.89', 'Vx1': '0.004', 'Vy1': '0.05', 'Vz1': '0.003', 'Vm1': '0.05', 'Ax1': '0.22', 'Ay1': '-0.02', 'Az1': '0.03', 'Gyro2': '85.594', 'Vx2': '0.035', 'Vy2': '0.04', 'Vz2': '0.01', 'Vm2': '0.054', 'Ax2': '0.42', 'Ay2': '-0.03', 'Az2': '0.07', 'TheoV': '0.156', 'TheoA': '17.334'}"
"{'Timestamp': '23-05-2022:12:50:11:528651', 'Gyro1': '101.89', 'Vx1': '0.006', 'Vy1': '0.05', 'Vz1': '0.003', 'Vm1': '0.051', 'Ax1': '0.22', 'Ay1': '-0.02', 'Az1': '0.03', 'Gyro2': '85.594', 'Vx2': '0.039', 'Vy2': '0.04', 'Vz2': '0.011', 'Vm2': '0.056', 'Ax2': '0.42', 'Ay2': '-0.03', 'Az2': '0.07', 'TheoV': '0.0', 'TheoA': '-15.6'}"
"{'Timestamp': '23-05-2022:12:50:11:541240', 'Gyro1': '101.89', 'Vx1': '0.009', 'Vy1': '0.05', 'Vz1': '0.004', 'Vm1': '0.051', 'Ax1': '0.22', 'Ay1': '-0.02', 'Az1': '0.03', 'Gyro2': '85.594', 'Vx2': '0.044', 'Vy2': '0.04', 'Vz2': '0.011', 'Vm2': '0.06', 'Ax2': '0.42', 'Ay2': '-0.03', 'Az2': '0.07', 'TheoV': '0.0', 'TheoA': '0.0'}"
"{'Timestamp': '23-05-2022:12:50:11:549543', 'Gyro1': '101.89', 'Vx1': '0.011', 'Vy1': '0.05', 'Vz1': '0.004', 'Vm1': '0.051', 'Ax1': '0.22', 'Ay1': '-0.02', 'Az1': '0.03', 'Gyro2': '85.594', 'Vx2': '0.048', 'Vy2': '0.04', 'Vz2': '0.012', 'Vm2': '0.062', 'Ax2': '0.42', 'Ay2': '-0.03', 'Az2': '0.07', 'TheoV': '0.0', 'TheoA': '0.0'}"
"{'Timestamp': '23-05-2022:12:50:11:560497', 'Gyro1': '101.89', 'Vx1': '0.013', 'Vy1': '0.05', 'Vz1': '0.004', 'Vm1': '0.052', 'Ax1': '0.22', 'Ay1': '-0.02', 'Az1': '0.03', 'Gyro2': '85.594', 'Vx2': '0.052', 'Vy2': '0.04', 'Vz2': '0.013', 'Vm2': '0.066', 'Ax2': '0.42', 'Ay2': '-0.03', 'Az2': '0.07', 'TheoV': '0.0', 'TheoA': '0.0'}"
"{'Timestamp': '23-05-2022:12:50:11:569228', 'Gyro1': '102.06', 'Vx1': '0.015', 'Vy1': '0.05', 'Vz1': '0.005', 'Vm1': '0.052', 'Ax1': '0.16', 'Ay1': '-0.03', 'Az1': '0.03', 'Gyro2': '85.754', 'Vx2': '0.055', 'Vy2': '0.04', 'Vz2': '0.013', 'Vm2': '0.068', 'Ax2': '0.3', 'Ay2': '-0.04', 'Az2': '0.05', 'TheoV': '0.036', 'TheoA': '4.0'}"
"{'Timestamp': '23-05-2022:12:50:11:580790', 'Gyro1': '102.06', 'Vx1': '0.017', 'Vy1': '0.05', 'Vz1': '0.005', 'Vm1': '0.053', 'Ax1': '0.16', 'Ay1': '-0.03', 'Az1': '0.03', 'Gyro2': '85.754', 'Vx2': '0.058', 'Vy2': '0.04', 'Vz2': '0.014', 'Vm2': '0.071', 'Ax2': '0.3', 'Ay2': '-0.04', 'Az2': '0.05', 'TheoV': '0.0', 'TheoA': '-3.273'}"
"{'Timestamp': '23-05-2022:12:50:11:590232', 'Gyro1': '102.06', 'Vx1': '0.018', 'Vy1': '0.05', 'Vz1': '0.005', 'Vm1': '0.053', 'Ax1': '0.16', 'Ay1': '-0.03', 'Az1': '0.03', 'Gyro2': '85.754', 'Vx2': '0.061', 'Vy2': '0.039', 'Vz2': '0.014', 'Vm2': '0.073', 'Ax2': '0.3', 'Ay2': '-0.04', 'Az2': '0.05', 'TheoV': '0.0', 'TheoA': '0.0'}"
"{'Timestamp': '23-05-2022:12:50:11:599572', 'Gyro1': '102.06', 'Vx1': '0.02', 'Vy1': '0.05', 'Vz1': '0.006', 'Vm1': '0.053', 'Ax1': '0.16', 'Ay1': '-0.03', 'Az1': '0.03', 'Gyro2': '85.754', 'Vx2': '0.064', 'Vy2': '0.039', 'Vz2': '0.015', 'Vm2': '0.075', 'Ax2': '0.3', 'Ay2': '-0.04', 'Az2': '0.05', 'TheoV': '0.0', 'TheoA': '0.0'}"
"{'Timestamp': '23-05-2022:12:50:11:609454', 'Gyro1': '102.06', 'Vx1': '0.021', 'Vy1': '0.05', 'Vz1': '0.006', 'Vm1': '0.054', 'Ax1': '0.16', 'Ay1': '-0.03', 'Az1': '0.03', 'Gyro2': '85.754', 'Vx2': '0.067', 'Vy2': '0.039', 'Vz2': '0.015', 'Vm2': '0.078', 'Ax2': '0.3', 'Ay2': '-0.04', 'Az2': '0.05', 'TheoV': '0.0', 'TheoA': '0.0'}"
"{'Timestamp': '23-05-2022:12:50:11:619338', 'Gyro1': '102.06', 'Vx1': '0.023', 'Vy1': '0.05', 'Vz1': '0.006', 'Vm1': '0.055', 'Ax1': '0.16', 'Ay1': '-0.03', 'Az1': '0.03', 'Gyro2': '85.754', 'Vx2': '0.07', 'Vy2': '0.039', 'Vz2': '0.016', 'Vm2': '0.08', 'Ax2': '0.3', 'Ay2': '-0.04', 'Az2': '0.05', 'TheoV': '0.0', 'TheoA': '0.0'}"
"{'Timestamp': '23-05-2022:12:50:11:629008', 'Gyro1': '98.41', 'Vx1': '0.023', 'Vy1': '0.05', 'Vz1': '0.006', 'Vm1': '0.055', 'Ax1': '0.0', 'Ay1': '-0.02', 'Az1': '0.0', 'Gyro2': '81.994', 'Vx2': '0.07', 'Vy2': '0.039', 'Vz2': '0.016', 'Vm2': '0.08', 'Ax2': '-0.0', 'Ay2': '-0.02', 'Az2': '-0.0', 'TheoV': '-0.694', 'TheoA': '-69.4'}"
"{'Timestamp': '23-05-2022:12:50:11:639215', 'Gyro1': '98.41', 'Vx1': '0.023', 'Vy1': '0.05', 'Vz1': '0.006', 'Vm1': '0.055', 'Ax1': '0.0', 'Ay1': '-0.02', 'Az1': '0.0', 'Gyro2': '81.994', 'Vx2': '0.07', 'Vy2': '0.039', 'Vz2': '0.016', 'Vm2': '0.08', 'Ax2': '-0.0', 'Ay2': '-0.02', 'Az2': '-0.0', 'TheoV': '0.0', 'TheoA': '69.4'}"
"{'Timestamp': '23-05-2022:12:50:11:649269', 'Gyro1': '98.41', 'Vx1': '0.023', 'Vy1': '0.05', 'Vz1': '0.006', 'Vm1': '0.055', 'Ax1': '0.0', 'Ay1': '-0.02', 'Az1': '0.0', 'Gyro2': '81.994', 'Vx2': '0.07', 'Vy2': '0.039', 'Vz2': '0.016', 'Vm2': '0.08', 'Ax2': '-0.0', 'Ay2': '-0.02', 'Az2': '-0.0', 'TheoV': '0.0', 'TheoA': '0.0'}"
"{'Timestamp': '23-05-2022:12:50:11:658977', 'Gyro1': '98.41', 'Vx1': '0.023', 'Vy1': '0.05', 'Vz1': '0.006', 'Vm1': '0.055', 'Ax1': '0.0', 'Ay1': '-0.02', 'Az1': '0.0', 'Gyro2': '81.994', 'Vx2': '0.07', 'Vy2': '0.039', 'Vz2': '0.016', 'Vm2': '0.08', 'Ax2': '-0.0', 'Ay2': '-0.02', 'Az2': '-0.0', 'TheoV': '0.0', 'TheoA': '0.0'}"
"{'Timestamp': '23-05-2022:12:50:11:669344', 'Gyro1': '98.41', 'Vx1': '0.023', 'Vy1': '0.05', 'Vz1': '0.006', 'Vm1': '0.055', 'Ax1': '0.0', 'Ay1': '-0.02', 'Az1': '0.0', 'Gyro2': '81.994', 'Vx2': '0.07', 'Vy2': '0.039', 'Vz2': '0.016', 'Vm2': '0.08', 'Ax2': '-0.0', 'Ay2': '-0.02', 'Az2': '-0.0', 'TheoV': '0.0', 'TheoA': '0.0'}"
"{'Timestamp': '23-05-2022:12:50:11:680042', 'Gyro1': '98.27', 'Vx1': '0.023', 'Vy1': '0.05', 'Vz1': '0.006', 'Vm1': '0.055', 'Ax1': '0.01', 'Ay1': '-0.02', 'Az1': '0.0', 'Gyro2': '81.914', 'Vx2': '0.07', 'Vy2': '0.039', 'Vz2': '0.016', 'Vm2': '0.08', 'Ax2': '0.0', 'Ay2': '-0.03', 'Az2': '-0.0', 'TheoV': '-0.024', 'TheoA': '-2.182'}"
"{'Timestamp': '23-05-2022:12:50:11:689560', 'Gyro1': '98.27', 'Vx1': '0.023', 'Vy1': '0.05', 'Vz1': '0.006', 'Vm1': '0.055', 'Ax1': '0.01', 'Ay1': '-0.02', 'Az1': '0.0', 'Gyro2': '81.914', 'Vx2': '0.07', 'Vy2': '0.039', 'Vz2': '0.016', 'Vm2': '0.08', 'Ax2': '0.0', 'Ay2': '-0.03', 'Az2': '-0.0', 'TheoV': '0.0', 'TheoA': '2.4'}"
"{'Timestamp': '23-05-2022:12:50:11:700755', 'Gyro1': '98.27', 'Vx1': '0.023', 'Vy1': '0.05', 'Vz1': '0.006', 'Vm1': '0.055', 'Ax1': '0.01', 'Ay1': '-0.02', 'Az1': '0.0', 'Gyro2': '81.914', 'Vx2': '0.07', 'Vy2': '0.039', 'Vz2': '0.016', 'Vm2': '0.08', 'Ax2': '0.0', 'Ay2': '-0.03', 'Az2': '-0.0', 'TheoV': '0.0', 'TheoA': '0.0'}"
"{'Timestamp': '23-05-2022:12:50:11:709986', 'Gyro1': '98.27', 'Vx1': '0.023', 'Vy1': '0.05', 'Vz1': '0.006', 'Vm1': '0.055', 'Ax1': '0.01', 'Ay1': '-0.02', 'Az1': '0.0', 'Gyro2': '81.914', 'Vx2': '0.07', 'Vy2': '0.038', 'Vz2': '0.016', 'Vm2': '0.08', 'Ax2': '0.0', 'Ay2': '-0.03', 'Az2': '-0.0', 'TheoV': '0.0', 'TheoA': '0.0'}"
"{'Timestamp': '23-05-2022:12:50:11:719336', 'Gyro1': '98.27', 'Vx1': '0.023', 'Vy1': '0.05', 'Vz1': '0.006', 'Vm1': '0.055', 'Ax1': '0.01', 'Ay1': '-0.02', 'Az1': '0.0', 'Gyro2': '81.914', 'Vx2': '0.07', 'Vy2': '0.038', 'Vz2': '0.016', 'Vm2': '0.08', 'Ax2': '0.0', 'Ay2': '-0.03', 'Az2': '-0.0', 'TheoV': '0.0', 'TheoA': '0.0'}"
"{'Timestamp': '23-05-2022:12:50:11:729609', 'Gyro1': '98.18', 'Vx1': '0.023', 'Vy1': '0.05', 'Vz1': '0.006', 'Vm1': '0.055', 'Ax1': '0.01', 'Ay1': '-0.02', 'Az1': '0.0', 'Gyro2': '81.824', 'Vx2': '0.07', 'Vy2': '0.038', 'Vz2': '0.016', 'Vm2': '0.08', 'Ax2': '0.01', 'Ay2': '-0.03', 'Az2': '0.0', 'TheoV': '-0.016', 'TheoA': '-1.455'}"
"{'Timestamp': '23-05-2022:12:50:11:741873', 'Gyro1': '98.18', 'Vx1': '0.023', 'Vy1': '0.05', 'Vz1': '0.006', 'Vm1': '0.055', 'Ax1': '0.01', 'Ay1': '-0.02', 'Az1': '0.0', 'Gyro2': '81.824', 'Vx2': '0.07', 'Vy2': '0.038', 'Vz2': '0.016', 'Vm2': '0.08', 'Ax2': '0.01', 'Ay2': '-0.03', 'Az2': '0.0', 'TheoV': '0.0', 'TheoA': '1.6'}"
"{'Timestamp': '23-05-2022:12:50:11:749457', 'Gyro1': '98.18', 'Vx1': '0.024', 'Vy1': '0.05', 'Vz1': '0.006', 'Vm1': '0.055', 'Ax1': '0.01', 'Ay1': '-0.02', 'Az1': '0.0', 'Gyro2': '81.824', 'Vx2': '0.07', 'Vy2': '0.038', 'Vz2': '0.016', 'Vm2': '0.08', 'Ax2': '0.01', 'Ay2': '-0.03', 'Az2': '0.0', 'TheoV': '0.0', 'TheoA': '0.0'}"
"{'Timestamp': '23-05-2022:12:50:11:759686', 'Gyro1': '98.18', 'Vx1': '0.024', 'Vy1': '0.05', 'Vz1': '0.006', 'Vm1': '0.055', 'Ax1': '0.01', 'Ay1': '-0.02', 'Az1': '0.0', 'Gyro2': '81.824', 'Vx2': '0.07', 'Vy2': '0.038', 'Vz2': '0.016', 'Vm2': '0.08', 'Ax2': '0.01', 'Ay2': '-0.03', 'Az2': '0.0', 'TheoV': '0.0', 'TheoA': '0.0'}"
"{'Timestamp': '23-05-2022:12:50:11:770071', 'Gyro1': '98.18', 'Vx1': '0.024', 'Vy1': '0.05', 'Vz1': '0.006', 'Vm1': '0.055', 'Ax1': '0.01', 'Ay1': '-0.02', 'Az1': '0.0', 'Gyro2': '81.824', 'Vx2': '0.071', 'Vy2': '0.038', 'Vz2': '0.016', 'Vm2': '0.08', 'Ax2': '0.01', 'Ay2': '-0.03', 'Az2': '0.0', 'TheoV': '0.0', 'TheoA': '0.0'}"
"{'Timestamp': '23-05-2022:12:50:11:779012', 'Gyro1': '98.18', 'Vx1': '0.024', 'Vy1': '0.05', 'Vz1': '0.006', 'Vm1': '0.055', 'Ax1': '0.01', 'Ay1': '-0.02', 'Az1': '0.0', 'Gyro2': '81.824', 'Vx2': '0.071', 'Vy2': '0.038', 'Vz2': '0.016', 'Vm2': '0.08', 'Ax2': '0.01', 'Ay2': '-0.03', 'Az2': '0.0', 'TheoV': '0.0', 'TheoA': '0.0'}"
"{'Timestamp': '23-05-2022:12:50:11:788899', 'Gyro1': '96.24', 'Vx1': '0.024', 'Vy1': '0.05', 'Vz1': '0.006', 'Vm1': '0.055', 'Ax1': '0.01', 'Ay1': '-0.02', 'Az1': '0.0', 'Gyro2': '79.424', 'Vx2': '0.071', 'Vy2': '0.038', 'Vz2': '0.016', 'Vm2': '0.08', 'Ax2': '0.03', 'Ay2': '-0.02', 'Az2': '0.01', 'TheoV': '-0.37', 'TheoA': '-37.0'}"
"{'Timestamp': '23-05-2022:12:50:11:799422', 'Gyro1': '96.24', 'Vx1': '0.024', 'Vy1': '0.05', 'Vz1': '0.006', 'Vm1': '0.055', 'Ax1': '0.01', 'Ay1': '-0.02', 'Az1': '0.0', 'Gyro2': '79.424', 'Vx2': '0.071', 'Vy2': '0.038', 'Vz2': '0.016', 'Vm2': '0.081', 'Ax2': '0.03', 'Ay2': '-0.02', 'Az2': '0.01', 'TheoV': '0.0', 'TheoA': '37.0'}"
"{'Timestamp': '23-05-2022:12:50:11:809376', 'Gyro1': '96.24', 'Vx1': '0.024', 'Vy1': '0.05', 'Vz1': '0.006', 'Vm1': '0.055', 'Ax1': '0.01', 'Ay1': '-0.02', 'Az1': '0.0', 'Gyro2': '79.424', 'Vx2': '0.072', 'Vy2': '0.038', 'Vz2': '0.016', 'Vm2': '0.081', 'Ax2': '0.03', 'Ay2': '-0.02', 'Az2': '0.01', 'TheoV': '0.0', 'TheoA': '0.0'}"
