"{'Timestamp': '20-05-2022:21:40:41:437231', 'Gyro1': '90.0', 'Vx1': '0.0', 'Vy1': '0.0', 'Vz1': '0.0', 'Vm1': '0.0', 'Ax1': '0.0', 'Ay1': '0.0', 'Az1': '0.0', 'Gyro2': '73.50419169706743', 'Vx2': '0.0', 'Vy2': '0.0', 'Vz2': '0.0', 'Vm2': '0.0', 'Ax2': '0.0', 'Ay2': '0.0', 'Az2': '0.0'}"
"{'Timestamp': '20-05-2022:21:40:41:447457', 'Gyro1': '90.0', 'Vx1': '0.0', 'Vy1': '0.0', 'Vz1': '0.0', 'Vm1': '0.0', 'Ax1': '0.0', 'Ay1': '0.0', 'Az1': '0.0', 'Gyro2': '73.50419169706743', 'Vx2': '0.0', 'Vy2': '0.0', 'Vz2': '0.0', 'Vm2': '0.0', 'Ax2': '0.0', 'Ay2': '0.0', 'Az2': '0.0'}"
"{'Timestamp': '20-05-2022:21:40:41:456734', 'Gyro1': '90.0', 'Vx1': '0.0', 'Vy1': '0.0', 'Vz1': '0.0', 'Vm1': '0.0', 'Ax1': '0.0', 'Ay1': '0.0', 'Az1': '0.0', 'Gyro2': '73.50419169706743', 'Vx2': '0.0', 'Vy2': '0.0', 'Vz2': '0.0', 'Vm2': '0.0', 'Ax2': '0.0', 'Ay2': '0.0', 'Az2': '0.0'}"
"{'Timestamp': '20-05-2022:21:40:41:465997', 'Gyro1': '90.0', 'Vx1': '0.0', 'Vy1': '0.0', 'Vz1': '0.0', 'Vm1': '0.0', 'Ax1': '0.0', 'Ay1': '0.0', 'Az1': '0.0', 'Gyro2': '73.50419169706743', 'Vx2': '0.0', 'Vy2': '0.0', 'Vz2': '0.0', 'Vm2': '0.0', 'Ax2': '0.0', 'Ay2': '0.0', 'Az2': '0.0'}"
"{'Timestamp': '20-05-2022:21:40:41:476819', 'Gyro1': '90.0', 'Vx1': '0.0', 'Vy1': '0.0', 'Vz1': '0.0', 'Vm1': '0.0', 'Ax1': '0.0', 'Ay1': '0.0', 'Az1': '0.0', 'Gyro2': '73.50419169706743', 'Vx2': '0.0', 'Vy2': '0.0', 'Vz2': '0.0', 'Vm2': '0.0', 'Ax2': '0.0', 'Ay2': '0.0', 'Az2': '0.0'}"
"{'Timestamp': '20-05-2022:21:40:41:487386', 'Gyro1': '90.0', 'Vx1': '0.0', 'Vy1': '0.0', 'Vz1': '0.0', 'Vm1': '0.0', 'Ax1': '0.0', 'Ay1': '0.0', 'Az1': '0.0', 'Gyro2': '73.50419169706743', 'Vx2': '0.0', 'Vy2': '0.0', 'Vz2': '0.0', 'Vm2': '0.0', 'Ax2': '0.0', 'Ay2': '0.0', 'Az2': '0.0'}"
"{'Timestamp': '20-05-2022:21:40:41:497277', 'Gyro1': '90.0', 'Vx1': '0.0', 'Vy1': '0.0', 'Vz1': '0.0', 'Vm1': '0.0', 'Ax1': '0.0', 'Ay1': '0.0', 'Az1': '0.0', 'Gyro2': '73.50419169706743', 'Vx2': '0.0', 'Vy2': '0.0', 'Vz2': '0.0', 'Vm2': '0.0', 'Ax2': '0.0', 'Ay2': '0.0', 'Az2': '0.0'}"
"{'Timestamp': '20-05-2022:21:40:41:507234', 'Gyro1': '90.0', 'Vx1': '0.0', 'Vy1': '0.0', 'Vz1': '0.0', 'Vm1': '0.0', 'Ax1': '0.0', 'Ay1': '0.0', 'Az1': '0.0', 'Gyro2': '73.50419169706743', 'Vx2': '0.0', 'Vy2': '0.0', 'Vz2': '0.0', 'Vm2': '0.0', 'Ax2': '0.0', 'Ay2': '0.0', 'Az2': '0.0'}"
"{'Timestamp': '20-05-2022:21:40:41:515888', 'Gyro1': '90.0', 'Vx1': '0.0', 'Vy1': '0.0', 'Vz1': '0.0', 'Vm1': '0.0', 'Ax1': '0.0', 'Ay1': '0.0', 'Az1': '0.0', 'Gyro2': '73.50419169706743', 'Vx2': '0.0', 'Vy2': '0.0', 'Vz2': '0.0', 'Vm2': '0.0', 'Ax2': '0.0', 'Ay2': '0.0', 'Az2': '0.0'}"
"{'Timestamp': '20-05-2022:21:40:41:528142', 'Gyro1': '90.0', 'Vx1': '0.0', 'Vy1': '0.0', 'Vz1': '0.0', 'Vm1': '0.0', 'Ax1': '0.0', 'Ay1': '0.0', 'Az1': '0.0', 'Gyro2': '73.50419169706743', 'Vx2': '0.0', 'Vy2': '0.0', 'Vz2': '0.0', 'Vm2': '0.0', 'Ax2': '0.0', 'Ay2': '0.0', 'Az2': '0.0'}"
"{'Timestamp': '20-05-2022:21:40:41:536916', 'Gyro1': '90.0', 'Vx1': '0.0', 'Vy1': '0.0', 'Vz1': '0.0', 'Vm1': '0.0', 'Ax1': '0.0', 'Ay1': '0.0', 'Az1': '0.0', 'Gyro2': '73.50419169706743', 'Vx2': '0.0', 'Vy2': '0.0', 'Vz2': '0.0', 'Vm2': '0.0', 'Ax2': '0.0', 'Ay2': '0.0', 'Az2': '0.0'}"
"{'Timestamp': '20-05-2022:21:40:41:548244', 'Gyro1': '90.0', 'Vx1': '0.0', 'Vy1': '0.0', 'Vz1': '0.0', 'Vm1': '0.0', 'Ax1': '0.0', 'Ay1': '0.0', 'Az1': '0.0', 'Gyro2': '73.50419169706743', 'Vx2': '0.0', 'Vy2': '0.0', 'Vz2': '0.0', 'Vm2': '0.0', 'Ax2': '0.0', 'Ay2': '0.0', 'Az2': '0.0'}"
"{'Timestamp': '20-05-2022:21:40:41:556274', 'Gyro1': '90.0', 'Vx1': '0.0', 'Vy1': '0.0', 'Vz1': '0.0', 'Vm1': '0.0', 'Ax1': '0.0', 'Ay1': '0.0', 'Az1': '0.0', 'Gyro2': '73.50419169706743', 'Vx2': '0.0', 'Vy2': '0.0', 'Vz2': '0.0', 'Vm2': '0.0', 'Ax2': '0.0', 'Ay2': '0.0', 'Az2': '0.0'}"
"{'Timestamp': '20-05-2022:21:40:41:566502', 'Gyro1': '90.0', 'Vx1': '0.0', 'Vy1': '0.0', 'Vz1': '0.0', 'Vm1': '0.0', 'Ax1': '0.0', 'Ay1': '0.0', 'Az1': '0.0', 'Gyro2': '73.50419169706743', 'Vx2': '0.0', 'Vy2': '0.0', 'Vz2': '0.0', 'Vm2': '0.0', 'Ax2': '0.0', 'Ay2': '0.0', 'Az2': '0.0'}"
"{'Timestamp': '20-05-2022:21:40:41:577731', 'Gyro1': '90.0', 'Vx1': '0.0', 'Vy1': '0.0', 'Vz1': '0.0', 'Vm1': '0.0', 'Ax1': '0.0', 'Ay1': '0.0', 'Az1': '0.0', 'Gyro2': '73.50419169706743', 'Vx2': '0.0', 'Vy2': '0.0', 'Vz2': '0.0', 'Vm2': '0.0', 'Ax2': '0.0', 'Ay2': '0.0', 'Az2': '0.0'}"
"{'Timestamp': '20-05-2022:21:40:41:587493', 'Gyro1': '90.0', 'Vx1': '0.0', 'Vy1': '0.0', 'Vz1': '0.0', 'Vm1': '0.0', 'Ax1': '0.0', 'Ay1': '0.0', 'Az1': '0.0', 'Gyro2': '73.50419169706743', 'Vx2': '0.0', 'Vy2': '0.0', 'Vz2': '0.0', 'Vm2': '0.0', 'Ax2': '0.0', 'Ay2': '0.0', 'Az2': '0.0'}"
"{'Timestamp': '20-05-2022:21:40:41:596773', 'Gyro1': '90.0', 'Vx1': '0.0', 'Vy1': '0.0', 'Vz1': '0.0', 'Vm1': '0.0', 'Ax1': '0.0', 'Ay1': '0.0', 'Az1': '0.0', 'Gyro2': '73.50419169706743', 'Vx2': '0.0', 'Vy2': '0.0', 'Vz2': '0.0', 'Vm2': '0.0', 'Ax2': '0.0', 'Ay2': '0.0', 'Az2': '0.0'}"
"{'Timestamp': '20-05-2022:21:40:41:606646', 'Gyro1': '90.0', 'Vx1': '0.0', 'Vy1': '0.0', 'Vz1': '0.0', 'Vm1': '0.0', 'Ax1': '0.0', 'Ay1': '0.0', 'Az1': '0.0', 'Gyro2': '73.50419169706743', 'Vx2': '0.0', 'Vy2': '0.0', 'Vz2': '0.0', 'Vm2': '0.0', 'Ax2': '0.0', 'Ay2': '0.0', 'Az2': '0.0'}"
"{'Timestamp': '20-05-2022:21:40:41:617870', 'Gyro1': '90.0', 'Vx1': '0.0', 'Vy1': '0.0', 'Vz1': '0.0', 'Vm1': '0.0', 'Ax1': '0.0', 'Ay1': '0.0', 'Az1': '0.0', 'Gyro2': '73.50419169706743', 'Vx2': '0.0', 'Vy2': '0.0', 'Vz2': '0.0', 'Vm2': '0.0', 'Ax2': '0.0', 'Ay2': '0.0', 'Az2': '0.0'}"
"{'Timestamp': '20-05-2022:21:40:41:625733', 'Gyro1': '90.0', 'Vx1': '0.0', 'Vy1': '0.0', 'Vz1': '0.0', 'Vm1': '0.0', 'Ax1': '0.0', 'Ay1': '0.0', 'Az1': '0.0', 'Gyro2': '73.50419169706743', 'Vx2': '0.0', 'Vy2': '0.0', 'Vz2': '0.0', 'Vm2': '0.0', 'Ax2': '0.0', 'Ay2': '0.0', 'Az2': '0.0'}"
"{'Timestamp': '20-05-2022:21:40:41:635652', 'Gyro1': '90.0', 'Vx1': '0.0', 'Vy1': '0.0', 'Vz1': '0.0', 'Vm1': '0.0', 'Ax1': '0.0', 'Ay1': '0.0', 'Az1': '0.0', 'Gyro2': '73.50419169706743', 'Vx2': '0.0', 'Vy2': '0.0', 'Vz2': '0.0', 'Vm2': '0.0', 'Ax2': '0.0', 'Ay2': '0.0', 'Az2': '0.0'}"
"{'Timestamp': '20-05-2022:21:40:41:648369', 'Gyro1': '90.0', 'Vx1': '0.0', 'Vy1': '0.0', 'Vz1': '0.0', 'Vm1': '0.0', 'Ax1': '0.0', 'Ay1': '0.0', 'Az1': '0.0', 'Gyro2': '73.50419169706743', 'Vx2': '0.0', 'Vy2': '0.0', 'Vz2': '0.0', 'Vm2': '0.0', 'Ax2': '0.0', 'Ay2': '0.0', 'Az2': '0.0'}"
"{'Timestamp': '20-05-2022:21:40:41:656066', 'Gyro1': '90.0', 'Vx1': '0.0', 'Vy1': '0.0', 'Vz1': '0.0', 'Vm1': '0.0', 'Ax1': '0.0', 'Ay1': '0.0', 'Az1': '0.0', 'Gyro2': '73.50419169706743', 'Vx2': '0.0', 'Vy2': '0.0', 'Vz2': '0.0', 'Vm2': '0.0', 'Ax2': '0.0', 'Ay2': '0.0', 'Az2': '0.0'}"
"{'Timestamp': '20-05-2022:21:40:41:666042', 'Gyro1': '90.0', 'Vx1': '0.0', 'Vy1': '0.0', 'Vz1': '0.0', 'Vm1': '0.0', 'Ax1': '0.0', 'Ay1': '0.0', 'Az1': '0.0', 'Gyro2': '73.50419169706743', 'Vx2': '0.0', 'Vy2': '0.0', 'Vz2': '0.0', 'Vm2': '0.0', 'Ax2': '0.0', 'Ay2': '0.0', 'Az2': '0.0'}"
"{'Timestamp': '20-05-2022:21:40:41:676181', 'Gyro1': '90.0', 'Vx1': '0.0', 'Vy1': '0.0', 'Vz1': '0.0', 'Vm1': '0.0', 'Ax1': '0.0', 'Ay1': '0.0', 'Az1': '0.0', 'Gyro2': '73.50419169706743', 'Vx2': '0.0', 'Vy2': '0.0', 'Vz2': '0.0', 'Vm2': '0.0', 'Ax2': '0.0', 'Ay2': '0.0', 'Az2': '0.0'}"
"{'Timestamp': '20-05-2022:21:40:41:687982', 'Gyro1': '90.0', 'Vx1': '0.0', 'Vy1': '0.0', 'Vz1': '0.0', 'Vm1': '0.0', 'Ax1': '0.0', 'Ay1': '0.0', 'Az1': '0.0', 'Gyro2': '73.50419169706743', 'Vx2': '0.0', 'Vy2': '0.0', 'Vz2': '0.0', 'Vm2': '0.0', 'Ax2': '0.0', 'Ay2': '0.0', 'Az2': '0.0'}"
"{'Timestamp': '20-05-2022:21:40:41:695967', 'Gyro1': '90.0', 'Vx1': '0.0', 'Vy1': '0.0', 'Vz1': '0.0', 'Vm1': '0.0', 'Ax1': '0.0', 'Ay1': '0.0', 'Az1': '0.0', 'Gyro2': '73.50419169706743', 'Vx2': '0.0', 'Vy2': '0.0', 'Vz2': '0.0', 'Vm2': '0.0', 'Ax2': '0.0', 'Ay2': '0.0', 'Az2': '0.0'}"
"{'Timestamp': '20-05-2022:21:40:41:706202', 'Gyro1': '90.0', 'Vx1': '0.0', 'Vy1': '0.0', 'Vz1': '0.0', 'Vm1': '0.0', 'Ax1': '0.0', 'Ay1': '0.0', 'Az1': '0.0', 'Gyro2': '73.50419169706743', 'Vx2': '0.0', 'Vy2': '0.0', 'Vz2': '0.0', 'Vm2': '0.0', 'Ax2': '0.0', 'Ay2': '0.0', 'Az2': '0.0'}"
"{'Timestamp': '20-05-2022:21:40:41:716211', 'Gyro1': '90.0', 'Vx1': '0.0', 'Vy1': '0.0', 'Vz1': '0.0', 'Vm1': '0.0', 'Ax1': '0.0', 'Ay1': '0.0', 'Az1': '0.0', 'Gyro2': '73.50419169706743', 'Vx2': '0.0', 'Vy2': '0.0', 'Vz2': '0.0', 'Vm2': '0.0', 'Ax2': '0.0', 'Ay2': '0.0', 'Az2': '0.0'}"
"{'Timestamp': '20-05-2022:21:40:41:727882', 'Gyro1': '90.0', 'Vx1': '0.0', 'Vy1': '0.0', 'Vz1': '0.0', 'Vm1': '0.0', 'Ax1': '0.0', 'Ay1': '0.0', 'Az1': '0.0', 'Gyro2': '73.50419169706743', 'Vx2': '0.0', 'Vy2': '0.0', 'Vz2': '0.0', 'Vm2': '0.0', 'Ax2': '0.0', 'Ay2': '0.0', 'Az2': '0.0'}"
"{'Timestamp': '20-05-2022:21:40:41:736060', 'Gyro1': '90.0', 'Vx1': '0.0', 'Vy1': '0.0', 'Vz1': '0.0', 'Vm1': '0.0', 'Ax1': '0.0', 'Ay1': '0.0', 'Az1': '0.0', 'Gyro2': '73.50419169706743', 'Vx2': '0.0', 'Vy2': '0.0', 'Vz2': '0.0', 'Vm2': '0.0', 'Ax2': '0.0', 'Ay2': '0.0', 'Az2': '0.0'}"
"{'Timestamp': '20-05-2022:21:40:41:746031', 'Gyro1': '90.0', 'Vx1': '0.0', 'Vy1': '0.0', 'Vz1': '0.0', 'Vm1': '0.0', 'Ax1': '0.0', 'Ay1': '0.0', 'Az1': '0.0', 'Gyro2': '73.50419169706743', 'Vx2': '0.0', 'Vy2': '0.0', 'Vz2': '0.0', 'Vm2': '0.0', 'Ax2': '0.0', 'Ay2': '0.0', 'Az2': '0.0'}"
"{'Timestamp': '20-05-2022:21:40:41:756137', 'Gyro1': '90.0', 'Vx1': '0.0', 'Vy1': '0.0', 'Vz1': '0.0', 'Vm1': '0.0', 'Ax1': '0.0', 'Ay1': '0.0', 'Az1': '0.0', 'Gyro2': '73.50419169706743', 'Vx2': '0.0', 'Vy2': '0.0', 'Vz2': '0.0', 'Vm2': '0.0', 'Ax2': '0.0', 'Ay2': '0.0', 'Az2': '0.0'}"
"{'Timestamp': '20-05-2022:21:40:41:767428', 'Gyro1': '90.0', 'Vx1': '0.0', 'Vy1': '0.0', 'Vz1': '0.0', 'Vm1': '0.0', 'Ax1': '0.0', 'Ay1': '0.0', 'Az1': '0.0', 'Gyro2': '73.50419169706743', 'Vx2': '0.0', 'Vy2': '0.0', 'Vz2': '0.0', 'Vm2': '0.0', 'Ax2': '0.0', 'Ay2': '0.0', 'Az2': '0.0'}"
"{'Timestamp': '20-05-2022:21:40:41:776074', 'Gyro1': '90.0', 'Vx1': '0.0', 'Vy1': '0.0', 'Vz1': '0.0', 'Vm1': '0.0', 'Ax1': '0.0', 'Ay1': '0.0', 'Az1': '0.0', 'Gyro2': '73.50419169706743', 'Vx2': '0.0', 'Vy2': '0.0', 'Vz2': '0.0', 'Vm2': '0.0', 'Ax2': '0.0', 'Ay2': '0.0', 'Az2': '0.0'}"
"{'Timestamp': '20-05-2022:21:40:41:786029', 'Gyro1': '90.0', 'Vx1': '0.0', 'Vy1': '0.0', 'Vz1': '0.0', 'Vm1': '0.0', 'Ax1': '0.0', 'Ay1': '0.0', 'Az1': '0.0', 'Gyro2': '73.50419169706743', 'Vx2': '0.0', 'Vy2': '0.0', 'Vz2': '0.0', 'Vm2': '0.0', 'Ax2': '0.0', 'Ay2': '0.0', 'Az2': '0.0'}"
"{'Timestamp': '20-05-2022:21:40:41:796134', 'Gyro1': '90.0', 'Vx1': '0.0', 'Vy1': '0.0', 'Vz1': '0.0', 'Vm1': '0.0', 'Ax1': '0.0', 'Ay1': '0.0', 'Az1': '0.0', 'Gyro2': '73.50419169706743', 'Vx2': '0.0', 'Vy2': '0.0', 'Vz2': '0.0', 'Vm2': '0.0', 'Ax2': '0.0', 'Ay2': '0.0', 'Az2': '0.0'}"
"{'Timestamp': '20-05-2022:21:40:41:807475', 'Gyro1': '90.0', 'Vx1': '0.0', 'Vy1': '0.0', 'Vz1': '0.0', 'Vm1': '0.0', 'Ax1': '0.0', 'Ay1': '0.0', 'Az1': '0.0', 'Gyro2': '73.50419169706743', 'Vx2': '0.0', 'Vy2': '0.0', 'Vz2': '0.0', 'Vm2': '0.0', 'Ax2': '0.0', 'Ay2': '0.0', 'Az2': '0.0'}"
"{'Timestamp': '20-05-2022:21:40:41:815554', 'Gyro1': '90.0', 'Vx1': '0.0', 'Vy1': '0.0', 'Vz1': '0.0', 'Vm1': '0.0', 'Ax1': '0.0', 'Ay1': '0.0', 'Az1': '0.0', 'Gyro2': '73.50419169706743', 'Vx2': '0.0', 'Vy2': '0.0', 'Vz2': '0.0', 'Vm2': '0.0', 'Ax2': '0.0', 'Ay2': '0.0', 'Az2': '0.0'}"
"{'Timestamp': '20-05-2022:21:40:41:826224', 'Gyro1': '90.0', 'Vx1': '0.0', 'Vy1': '0.0', 'Vz1': '0.0', 'Vm1': '0.0', 'Ax1': '0.0', 'Ay1': '0.0', 'Az1': '0.0', 'Gyro2': '73.50419169706743', 'Vx2': '0.0', 'Vy2': '0.0', 'Vz2': '0.0', 'Vm2': '0.0', 'Ax2': '0.0', 'Ay2': '0.0', 'Az2': '0.0'}"
"{'Timestamp': '20-05-2022:21:40:41:835599', 'Gyro1': '90.0', 'Vx1': '0.0', 'Vy1': '0.0', 'Vz1': '0.0', 'Vm1': '0.0', 'Ax1': '0.0', 'Ay1': '0.0', 'Az1': '0.0', 'Gyro2': '73.50419169706743', 'Vx2': '0.0', 'Vy2': '0.0', 'Vz2': '0.0', 'Vm2': '0.0', 'Ax2': '0.0', 'Ay2': '0.0', 'Az2': '0.0'}"
"{'Timestamp': '20-05-2022:21:40:41:848166', 'Gyro1': '90.0', 'Vx1': '0.0', 'Vy1': '0.0', 'Vz1': '0.0', 'Vm1': '0.0', 'Ax1': '0.0', 'Ay1': '0.0', 'Az1': '0.0', 'Gyro2': '73.50419169706743', 'Vx2': '0.0', 'Vy2': '0.0', 'Vz2': '0.0', 'Vm2': '0.0', 'Ax2': '0.0', 'Ay2': '0.0', 'Az2': '0.0'}"
"{'Timestamp': '20-05-2022:21:40:41:855605', 'Gyro1': '90.0', 'Vx1': '0.0', 'Vy1': '0.0', 'Vz1': '0.0', 'Vm1': '0.0', 'Ax1': '0.0', 'Ay1': '0.0', 'Az1': '0.0', 'Gyro2': '73.50419169706743', 'Vx2': '0.0', 'Vy2': '0.0', 'Vz2': '0.0', 'Vm2': '0.0', 'Ax2': '0.0', 'Ay2': '0.0', 'Az2': '0.0'}"
"{'Timestamp': '20-05-2022:21:40:41:865991', 'Gyro1': '90.0', 'Vx1': '0.0', 'Vy1': '0.0', 'Vz1': '0.0', 'Vm1': '0.0', 'Ax1': '0.0', 'Ay1': '0.0', 'Az1': '0.0', 'Gyro2': '73.50419169706743', 'Vx2': '0.0', 'Vy2': '0.0', 'Vz2': '0.0', 'Vm2': '0.0', 'Ax2': '0.0', 'Ay2': '0.0', 'Az2': '0.0'}"
"{'Timestamp': '20-05-2022:21:40:41:875391', 'Gyro1': '90.0', 'Vx1': '0.0', 'Vy1': '0.0', 'Vz1': '0.0', 'Vm1': '0.0', 'Ax1': '0.0', 'Ay1': '0.0', 'Az1': '0.0', 'Gyro2': '73.50419169706743', 'Vx2': '0.0', 'Vy2': '0.0', 'Vz2': '0.0', 'Vm2': '0.0', 'Ax2': '0.0', 'Ay2': '0.0', 'Az2': '0.0'}"
"{'Timestamp': '20-05-2022:21:40:41:887567', 'Gyro1': '90.0', 'Vx1': '0.0', 'Vy1': '0.0', 'Vz1': '0.0', 'Vm1': '0.0', 'Ax1': '0.0', 'Ay1': '0.0', 'Az1': '0.0', 'Gyro2': '73.50419169706743', 'Vx2': '0.0', 'Vy2': '0.0', 'Vz2': '0.0', 'Vm2': '0.0', 'Ax2': '0.0', 'Ay2': '0.0', 'Az2': '0.0'}"
"{'Timestamp': '20-05-2022:21:40:41:897227', 'Gyro1': '90.0', 'Vx1': '0.0', 'Vy1': '0.0', 'Vz1': '0.0', 'Vm1': '0.0', 'Ax1': '0.0', 'Ay1': '0.0', 'Az1': '0.0', 'Gyro2': '73.50419169706743', 'Vx2': '0.0', 'Vy2': '0.0', 'Vz2': '0.0', 'Vm2': '0.0', 'Ax2': '0.0', 'Ay2': '0.0', 'Az2': '0.0'}"
"{'Timestamp': '20-05-2022:21:40:41:905726', 'Gyro1': '90.0', 'Vx1': '0.0', 'Vy1': '0.0', 'Vz1': '0.0', 'Vm1': '0.0', 'Ax1': '0.0', 'Ay1': '0.0', 'Az1': '0.0', 'Gyro2': '73.50419169706743', 'Vx2': '0.0', 'Vy2': '0.0', 'Vz2': '0.0', 'Vm2': '0.0', 'Ax2': '0.0', 'Ay2': '0.0', 'Az2': '0.0'}"
"{'Timestamp': '20-05-2022:21:40:41:915346', 'Gyro1': '90.0', 'Vx1': '0.0', 'Vy1': '0.0', 'Vz1': '0.0', 'Vm1': '0.0', 'Ax1': '0.0', 'Ay1': '0.0', 'Az1': '0.0', 'Gyro2': '73.50419169706743', 'Vx2': '0.0', 'Vy2': '0.0', 'Vz2': '0.0', 'Vm2': '0.0', 'Ax2': '0.0', 'Ay2': '0.0', 'Az2': '0.0'}"
"{'Timestamp': '20-05-2022:21:40:41:927090', 'Gyro1': '90.0', 'Vx1': '0.0', 'Vy1': '0.0', 'Vz1': '0.0', 'Vm1': '0.0', 'Ax1': '0.0', 'Ay1': '0.0', 'Az1': '0.0', 'Gyro2': '73.50419169706743', 'Vx2': '0.0', 'Vy2': '0.0', 'Vz2': '0.0', 'Vm2': '0.0', 'Ax2': '0.0', 'Ay2': '0.0', 'Az2': '0.0'}"
"{'Timestamp': '20-05-2022:21:40:41:935692', 'Gyro1': '90.0', 'Vx1': '0.0', 'Vy1': '0.0', 'Vz1': '0.0', 'Vm1': '0.0', 'Ax1': '0.0', 'Ay1': '0.0', 'Az1': '0.0', 'Gyro2': '73.50419169706743', 'Vx2': '0.0', 'Vy2': '0.0', 'Vz2': '0.0', 'Vm2': '0.0', 'Ax2': '0.0', 'Ay2': '0.0', 'Az2': '0.0'}"
"{'Timestamp': '20-05-2022:21:40:41:945924', 'Gyro1': '90.0', 'Vx1': '0.0', 'Vy1': '0.0', 'Vz1': '0.0', 'Vm1': '0.0', 'Ax1': '0.0', 'Ay1': '0.0', 'Az1': '0.0', 'Gyro2': '73.50419169706743', 'Vx2': '0.0', 'Vy2': '0.0', 'Vz2': '0.0', 'Vm2': '0.0', 'Ax2': '0.0', 'Ay2': '0.0', 'Az2': '0.0'}"
"{'Timestamp': '20-05-2022:21:40:41:956021', 'Gyro1': '90.0', 'Vx1': '0.0', 'Vy1': '0.0', 'Vz1': '0.0', 'Vm1': '0.0', 'Ax1': '0.0', 'Ay1': '0.0', 'Az1': '0.0', 'Gyro2': '73.50419169706743', 'Vx2': '0.0', 'Vy2': '0.0', 'Vz2': '0.0', 'Vm2': '0.0', 'Ax2': '0.0', 'Ay2': '0.0', 'Az2': '0.0'}"
"{'Timestamp': '20-05-2022:21:40:41:967848', 'Gyro1': '90.0', 'Vx1': '0.0', 'Vy1': '0.0', 'Vz1': '0.0', 'Vm1': '0.0', 'Ax1': '0.0', 'Ay1': '0.0', 'Az1': '0.0', 'Gyro2': '73.50419169706743', 'Vx2': '0.0', 'Vy2': '0.0', 'Vz2': '0.0', 'Vm2': '0.0', 'Ax2': '0.0', 'Ay2': '0.0', 'Az2': '0.0'}"
"{'Timestamp': '20-05-2022:21:40:41:975949', 'Gyro1': '90.0', 'Vx1': '0.0', 'Vy1': '0.0', 'Vz1': '0.0', 'Vm1': '0.0', 'Ax1': '0.0', 'Ay1': '0.0', 'Az1': '0.0', 'Gyro2': '73.50419169706743', 'Vx2': '0.0', 'Vy2': '0.0', 'Vz2': '0.0', 'Vm2': '0.0', 'Ax2': '0.0', 'Ay2': '0.0', 'Az2': '0.0'}"
"{'Timestamp': '20-05-2022:21:40:41:985790', 'Gyro1': '90.0', 'Vx1': '0.0', 'Vy1': '0.0', 'Vz1': '0.0', 'Vm1': '0.0', 'Ax1': '0.0', 'Ay1': '0.0', 'Az1': '0.0', 'Gyro2': '73.50419169706743', 'Vx2': '0.0', 'Vy2': '0.0', 'Vz2': '0.0', 'Vm2': '0.0', 'Ax2': '0.0', 'Ay2': '0.0', 'Az2': '0.0'}"
"{'Timestamp': '20-05-2022:21:40:41:995979', 'Gyro1': '90.0', 'Vx1': '0.0', 'Vy1': '0.0', 'Vz1': '0.0', 'Vm1': '0.0', 'Ax1': '0.0', 'Ay1': '0.0', 'Az1': '0.0', 'Gyro2': '73.50419169706743', 'Vx2': '0.0', 'Vy2': '0.0', 'Vz2': '0.0', 'Vm2': '0.0', 'Ax2': '0.0', 'Ay2': '0.0', 'Az2': '0.0'}"
"{'Timestamp': '20-05-2022:21:40:42:007394', 'Gyro1': '90.0', 'Vx1': '0.0', 'Vy1': '0.0', 'Vz1': '0.0', 'Vm1': '0.0', 'Ax1': '0.0', 'Ay1': '0.0', 'Az1': '0.0', 'Gyro2': '73.50419169706743', 'Vx2': '0.0', 'Vy2': '0.0', 'Vz2': '0.0', 'Vm2': '0.0', 'Ax2': '0.0', 'Ay2': '0.0', 'Az2': '0.0'}"
"{'Timestamp': '20-05-2022:21:40:42:015918', 'Gyro1': '90.0', 'Vx1': '0.0', 'Vy1': '0.0', 'Vz1': '0.0', 'Vm1': '0.0', 'Ax1': '0.0', 'Ay1': '0.0', 'Az1': '0.0', 'Gyro2': '73.50419169706743', 'Vx2': '0.0', 'Vy2': '0.0', 'Vz2': '0.0', 'Vm2': '0.0', 'Ax2': '0.0', 'Ay2': '0.0', 'Az2': '0.0'}"
"{'Timestamp': '20-05-2022:21:40:42:026239', 'Gyro1': '90.0', 'Vx1': '0.0', 'Vy1': '0.0', 'Vz1': '0.0', 'Vm1': '0.0', 'Ax1': '0.0', 'Ay1': '0.0', 'Az1': '0.0', 'Gyro2': '73.50419169706743', 'Vx2': '0.0', 'Vy2': '0.0', 'Vz2': '0.0', 'Vm2': '0.0', 'Ax2': '0.0', 'Ay2': '0.0', 'Az2': '0.0'}"
"{'Timestamp': '20-05-2022:21:40:42:036214', 'Gyro1': '90.0', 'Vx1': '0.0', 'Vy1': '0.0', 'Vz1': '0.0', 'Vm1': '0.0', 'Ax1': '0.0', 'Ay1': '0.0', 'Az1': '0.0', 'Gyro2': '73.50419169706743', 'Vx2': '0.0', 'Vy2': '0.0', 'Vz2': '0.0', 'Vm2': '0.0', 'Ax2': '0.0', 'Ay2': '0.0', 'Az2': '0.0'}"
"{'Timestamp': '20-05-2022:21:40:42:047500', 'Gyro1': '90.0', 'Vx1': '0.0', 'Vy1': '0.0', 'Vz1': '0.0', 'Vm1': '0.0', 'Ax1': '0.0', 'Ay1': '0.0', 'Az1': '0.0', 'Gyro2': '73.50419169706743', 'Vx2': '0.0', 'Vy2': '0.0', 'Vz2': '0.0', 'Vm2': '0.0', 'Ax2': '0.0', 'Ay2': '0.0', 'Az2': '0.0'}"
"{'Timestamp': '20-05-2022:21:40:42:055857', 'Gyro1': '90.0', 'Vx1': '0.0', 'Vy1': '0.0', 'Vz1': '0.0', 'Vm1': '0.0', 'Ax1': '0.0', 'Ay1': '0.0', 'Az1': '0.0', 'Gyro2': '73.50419169706743', 'Vx2': '0.0', 'Vy2': '0.0', 'Vz2': '0.0', 'Vm2': '0.0', 'Ax2': '0.0', 'Ay2': '0.0', 'Az2': '0.0'}"
"{'Timestamp': '20-05-2022:21:40:42:065636', 'Gyro1': '90.0', 'Vx1': '0.0', 'Vy1': '0.0', 'Vz1': '0.0', 'Vm1': '0.0', 'Ax1': '0.0', 'Ay1': '0.0', 'Az1': '0.0', 'Gyro2': '73.50419169706743', 'Vx2': '0.0', 'Vy2': '0.0', 'Vz2': '0.0', 'Vm2': '0.0', 'Ax2': '0.0', 'Ay2': '0.0', 'Az2': '0.0'}"
"{'Timestamp': '20-05-2022:21:40:42:075401', 'Gyro1': '90.0', 'Vx1': '0.0', 'Vy1': '0.0', 'Vz1': '0.0', 'Vm1': '0.0', 'Ax1': '0.0', 'Ay1': '0.0', 'Az1': '0.0', 'Gyro2': '73.50419169706743', 'Vx2': '0.0', 'Vy2': '0.0', 'Vz2': '0.0', 'Vm2': '0.0', 'Ax2': '0.0', 'Ay2': '0.0', 'Az2': '0.0'}"
"{'Timestamp': '20-05-2022:21:40:42:087119', 'Gyro1': '90.0', 'Vx1': '0.0', 'Vy1': '0.0', 'Vz1': '0.0', 'Vm1': '0.0', 'Ax1': '0.0', 'Ay1': '0.0', 'Az1': '0.0', 'Gyro2': '73.50419169706743', 'Vx2': '0.0', 'Vy2': '0.0', 'Vz2': '0.0', 'Vm2': '0.0', 'Ax2': '0.0', 'Ay2': '0.0', 'Az2': '0.0'}"
"{'Timestamp': '20-05-2022:21:40:42:096103', 'Gyro1': '90.0', 'Vx1': '0.0', 'Vy1': '0.0', 'Vz1': '0.0', 'Vm1': '0.0', 'Ax1': '0.0', 'Ay1': '0.0', 'Az1': '0.0', 'Gyro2': '73.50419169706743', 'Vx2': '0.0', 'Vy2': '0.0', 'Vz2': '0.0', 'Vm2': '0.0', 'Ax2': '0.0', 'Ay2': '0.0', 'Az2': '0.0'}"
"{'Timestamp': '20-05-2022:21:40:42:105460', 'Gyro1': '90.0', 'Vx1': '0.0', 'Vy1': '0.0', 'Vz1': '0.0', 'Vm1': '0.0', 'Ax1': '0.0', 'Ay1': '0.0', 'Az1': '0.0', 'Gyro2': '73.50419169706743', 'Vx2': '0.0', 'Vy2': '0.0', 'Vz2': '0.0', 'Vm2': '0.0', 'Ax2': '0.0', 'Ay2': '0.0', 'Az2': '0.0'}"
"{'Timestamp': '20-05-2022:21:40:42:116052', 'Gyro1': '90.0', 'Vx1': '0.0', 'Vy1': '0.0', 'Vz1': '0.0', 'Vm1': '0.0', 'Ax1': '0.0', 'Ay1': '0.0', 'Az1': '0.0', 'Gyro2': '73.50419169706743', 'Vx2': '0.0', 'Vy2': '0.0', 'Vz2': '0.0', 'Vm2': '0.0', 'Ax2': '0.0', 'Ay2': '0.0', 'Az2': '0.0'}"
"{'Timestamp': '20-05-2022:21:40:42:127987', 'Gyro1': '90.0', 'Vx1': '0.0', 'Vy1': '0.0', 'Vz1': '0.0', 'Vm1': '0.0', 'Ax1': '0.0', 'Ay1': '0.0', 'Az1': '0.0', 'Gyro2': '73.50419169706743', 'Vx2': '0.0', 'Vy2': '0.0', 'Vz2': '0.0', 'Vm2': '0.0', 'Ax2': '0.0', 'Ay2': '0.0', 'Az2': '0.0'}"
"{'Timestamp': '20-05-2022:21:40:42:138008', 'Gyro1': '90.0', 'Vx1': '0.0', 'Vy1': '0.0', 'Vz1': '0.0', 'Vm1': '0.0', 'Ax1': '0.0', 'Ay1': '0.0', 'Az1': '0.0', 'Gyro2': '73.50419169706743', 'Vx2': '0.0', 'Vy2': '0.0', 'Vz2': '0.0', 'Vm2': '0.0', 'Ax2': '0.0', 'Ay2': '0.0', 'Az2': '0.0'}"
"{'Timestamp': '20-05-2022:21:40:42:146706', 'Gyro1': '90.0', 'Vx1': '0.0', 'Vy1': '0.0', 'Vz1': '0.0', 'Vm1': '0.0', 'Ax1': '0.0', 'Ay1': '0.0', 'Az1': '0.0', 'Gyro2': '73.50419169706743', 'Vx2': '0.0', 'Vy2': '0.0', 'Vz2': '0.0', 'Vm2': '0.0', 'Ax2': '0.0', 'Ay2': '0.0', 'Az2': '0.0'}"
"{'Timestamp': '20-05-2022:21:40:42:157571', 'Gyro1': '90.0', 'Vx1': '0.0', 'Vy1': '0.0', 'Vz1': '0.0', 'Vm1': '0.0', 'Ax1': '0.0', 'Ay1': '0.0', 'Az1': '0.0', 'Gyro2': '73.50419169706743', 'Vx2': '0.0', 'Vy2': '0.0', 'Vz2': '0.0', 'Vm2': '0.0', 'Ax2': '0.0', 'Ay2': '0.0', 'Az2': '0.0'}"
"{'Timestamp': '20-05-2022:21:40:42:167494', 'Gyro1': '90.0', 'Vx1': '0.0', 'Vy1': '0.0', 'Vz1': '0.0', 'Vm1': '0.0', 'Ax1': '0.0', 'Ay1': '0.0', 'Az1': '0.0', 'Gyro2': '73.50419169706743', 'Vx2': '0.0', 'Vy2': '0.0', 'Vz2': '0.0', 'Vm2': '0.0', 'Ax2': '0.0', 'Ay2': '0.0', 'Az2': '0.0'}"
"{'Timestamp': '20-05-2022:21:40:42:177354', 'Gyro1': '90.0', 'Vx1': '0.0', 'Vy1': '0.0', 'Vz1': '0.0', 'Vm1': '0.0', 'Ax1': '0.0', 'Ay1': '0.0', 'Az1': '0.0', 'Gyro2': '73.50419169706743', 'Vx2': '0.0', 'Vy2': '0.0', 'Vz2': '0.0', 'Vm2': '0.0', 'Ax2': '0.0', 'Ay2': '0.0', 'Az2': '0.0'}"
"{'Timestamp': '20-05-2022:21:40:42:187151', 'Gyro1': '90.0', 'Vx1': '0.0', 'Vy1': '0.0', 'Vz1': '0.0', 'Vm1': '0.0', 'Ax1': '0.0', 'Ay1': '0.0', 'Az1': '0.0', 'Gyro2': '73.50419169706743', 'Vx2': '0.0', 'Vy2': '0.0', 'Vz2': '0.0', 'Vm2': '0.0', 'Ax2': '0.0', 'Ay2': '0.0', 'Az2': '0.0'}"
"{'Timestamp': '20-05-2022:21:40:42:195740', 'Gyro1': '90.0', 'Vx1': '0.0', 'Vy1': '0.0', 'Vz1': '0.0', 'Vm1': '0.0', 'Ax1': '0.0', 'Ay1': '0.0', 'Az1': '0.0', 'Gyro2': '73.50419169706743', 'Vx2': '0.0', 'Vy2': '0.0', 'Vz2': '0.0', 'Vm2': '0.0', 'Ax2': '0.0', 'Ay2': '0.0', 'Az2': '0.0'}"
"{'Timestamp': '20-05-2022:21:40:42:208134', 'Gyro1': '90.0', 'Vx1': '0.0', 'Vy1': '0.0', 'Vz1': '0.0', 'Vm1': '0.0', 'Ax1': '0.0', 'Ay1': '0.0', 'Az1': '0.0', 'Gyro2': '73.50419169706743', 'Vx2': '0.0', 'Vy2': '0.0', 'Vz2': '0.0', 'Vm2': '0.0', 'Ax2': '0.0', 'Ay2': '0.0', 'Az2': '0.0'}"
"{'Timestamp': '20-05-2022:21:40:42:216142', 'Gyro1': '90.0', 'Vx1': '0.0', 'Vy1': '0.0', 'Vz1': '0.0', 'Vm1': '0.0', 'Ax1': '0.0', 'Ay1': '0.0', 'Az1': '0.0', 'Gyro2': '73.50419169706743', 'Vx2': '0.0', 'Vy2': '0.0', 'Vz2': '0.0', 'Vm2': '0.0', 'Ax2': '0.0', 'Ay2': '0.0', 'Az2': '0.0'}"
"{'Timestamp': '20-05-2022:21:40:42:227235', 'Gyro1': '90.0', 'Vx1': '0.0', 'Vy1': '0.0', 'Vz1': '0.0', 'Vm1': '0.0', 'Ax1': '0.0', 'Ay1': '0.0', 'Az1': '0.0', 'Gyro2': '73.50419169706743', 'Vx2': '0.0', 'Vy2': '0.0', 'Vz2': '0.0', 'Vm2': '0.0', 'Ax2': '0.0', 'Ay2': '0.0', 'Az2': '0.0'}"
"{'Timestamp': '20-05-2022:21:40:42:235848', 'Gyro1': '90.0', 'Vx1': '0.0', 'Vy1': '0.0', 'Vz1': '0.0', 'Vm1': '0.0', 'Ax1': '0.0', 'Ay1': '0.0', 'Az1': '0.0', 'Gyro2': '73.50419169706743', 'Vx2': '0.0', 'Vy2': '0.0', 'Vz2': '0.0', 'Vm2': '0.0', 'Ax2': '0.0', 'Ay2': '0.0', 'Az2': '0.0'}"
"{'Timestamp': '20-05-2022:21:40:42:248777', 'Gyro1': '90.0', 'Vx1': '0.0', 'Vy1': '0.0', 'Vz1': '0.0', 'Vm1': '0.0', 'Ax1': '0.0', 'Ay1': '0.0', 'Az1': '0.0', 'Gyro2': '73.50419169706743', 'Vx2': '0.0', 'Vy2': '0.0', 'Vz2': '0.0', 'Vm2': '0.0', 'Ax2': '0.0', 'Ay2': '0.0', 'Az2': '0.0'}"
"{'Timestamp': '20-05-2022:21:40:42:257541', 'Gyro1': '90.0', 'Vx1': '0.0', 'Vy1': '0.0', 'Vz1': '0.0', 'Vm1': '0.0', 'Ax1': '0.0', 'Ay1': '0.0', 'Az1': '0.0', 'Gyro2': '73.50419169706743', 'Vx2': '0.0', 'Vy2': '0.0', 'Vz2': '0.0', 'Vm2': '0.0', 'Ax2': '0.0', 'Ay2': '0.0', 'Az2': '0.0'}"
"{'Timestamp': '20-05-2022:21:40:42:265783', 'Gyro1': '90.0', 'Vx1': '0.0', 'Vy1': '0.0', 'Vz1': '0.0', 'Vm1': '0.0', 'Ax1': '0.0', 'Ay1': '0.0', 'Az1': '0.0', 'Gyro2': '73.50419169706743', 'Vx2': '0.0', 'Vy2': '0.0', 'Vz2': '0.0', 'Vm2': '0.0', 'Ax2': '0.0', 'Ay2': '0.0', 'Az2': '0.0'}"
"{'Timestamp': '20-05-2022:21:40:42:276050', 'Gyro1': '90.0', 'Vx1': '0.0', 'Vy1': '0.0', 'Vz1': '0.0', 'Vm1': '0.0', 'Ax1': '0.0', 'Ay1': '0.0', 'Az1': '0.0', 'Gyro2': '73.50419169706743', 'Vx2': '0.0', 'Vy2': '0.0', 'Vz2': '0.0', 'Vm2': '0.0', 'Ax2': '0.0', 'Ay2': '0.0', 'Az2': '0.0'}"
"{'Timestamp': '20-05-2022:21:40:42:286989', 'Gyro1': '90.0', 'Vx1': '0.0', 'Vy1': '0.0', 'Vz1': '0.0', 'Vm1': '0.0', 'Ax1': '0.0', 'Ay1': '0.0', 'Az1': '0.0', 'Gyro2': '73.50419169706743', 'Vx2': '0.0', 'Vy2': '0.0', 'Vz2': '0.0', 'Vm2': '0.0', 'Ax2': '0.0', 'Ay2': '0.0', 'Az2': '0.0'}"
"{'Timestamp': '20-05-2022:21:40:42:298487', 'Gyro1': '90.0', 'Vx1': '0.0', 'Vy1': '0.0', 'Vz1': '0.0', 'Vm1': '0.0', 'Ax1': '0.0', 'Ay1': '0.0', 'Az1': '0.0', 'Gyro2': '73.50419169706743', 'Vx2': '0.0', 'Vy2': '0.0', 'Vz2': '0.0', 'Vm2': '0.0', 'Ax2': '0.0', 'Ay2': '0.0', 'Az2': '0.0'}"
"{'Timestamp': '20-05-2022:21:40:42:307130', 'Gyro1': '90.0', 'Vx1': '0.0', 'Vy1': '0.0', 'Vz1': '0.0', 'Vm1': '0.0', 'Ax1': '0.0', 'Ay1': '0.0', 'Az1': '0.0', 'Gyro2': '73.50419169706743', 'Vx2': '0.0', 'Vy2': '0.0', 'Vz2': '0.0', 'Vm2': '0.0', 'Ax2': '0.0', 'Ay2': '0.0', 'Az2': '0.0'}"
"{'Timestamp': '20-05-2022:21:40:42:315861', 'Gyro1': '90.0', 'Vx1': '0.0', 'Vy1': '0.0', 'Vz1': '0.0', 'Vm1': '0.0', 'Ax1': '0.0', 'Ay1': '0.0', 'Az1': '0.0', 'Gyro2': '73.50419169706743', 'Vx2': '0.0', 'Vy2': '0.0', 'Vz2': '0.0', 'Vm2': '0.0', 'Ax2': '0.0', 'Ay2': '0.0', 'Az2': '0.0'}"
"{'Timestamp': '20-05-2022:21:40:42:327880', 'Gyro1': '90.0', 'Vx1': '0.0', 'Vy1': '0.0', 'Vz1': '0.0', 'Vm1': '0.0', 'Ax1': '0.0', 'Ay1': '0.0', 'Az1': '0.0', 'Gyro2': '73.50419169706743', 'Vx2': '0.0', 'Vy2': '0.0', 'Vz2': '0.0', 'Vm2': '0.0', 'Ax2': '0.0', 'Ay2': '0.0', 'Az2': '0.0'}"
"{'Timestamp': '20-05-2022:21:40:42:338207', 'Gyro1': '90.0', 'Vx1': '0.0', 'Vy1': '0.0', 'Vz1': '0.0', 'Vm1': '0.0', 'Ax1': '0.0', 'Ay1': '0.0', 'Az1': '0.0', 'Gyro2': '73.50419169706743', 'Vx2': '0.0', 'Vy2': '0.0', 'Vz2': '0.0', 'Vm2': '0.0', 'Ax2': '0.0', 'Ay2': '0.0', 'Az2': '0.0'}"
"{'Timestamp': '20-05-2022:21:40:42:345540', 'Gyro1': '90.0', 'Vx1': '0.0', 'Vy1': '0.0', 'Vz1': '0.0', 'Vm1': '0.0', 'Ax1': '0.0', 'Ay1': '0.0', 'Az1': '0.0', 'Gyro2': '73.50419169706743', 'Vx2': '0.0', 'Vy2': '0.0', 'Vz2': '0.0', 'Vm2': '0.0', 'Ax2': '0.0', 'Ay2': '0.0', 'Az2': '0.0'}"
"{'Timestamp': '20-05-2022:21:40:42:355947', 'Gyro1': '90.0', 'Vx1': '0.0', 'Vy1': '0.0', 'Vz1': '0.0', 'Vm1': '0.0', 'Ax1': '0.0', 'Ay1': '0.0', 'Az1': '0.0', 'Gyro2': '73.50419169706743', 'Vx2': '0.0', 'Vy2': '0.0', 'Vz2': '0.0', 'Vm2': '0.0', 'Ax2': '0.0', 'Ay2': '0.0', 'Az2': '0.0'}"
"{'Timestamp': '20-05-2022:21:40:42:367435', 'Gyro1': '90.0', 'Vx1': '0.0', 'Vy1': '0.0', 'Vz1': '0.0', 'Vm1': '0.0', 'Ax1': '0.0', 'Ay1': '0.0', 'Az1': '0.0', 'Gyro2': '73.50419169706743', 'Vx2': '0.0', 'Vy2': '0.0', 'Vz2': '0.0', 'Vm2': '0.0', 'Ax2': '0.0', 'Ay2': '0.0', 'Az2': '0.0'}"
"{'Timestamp': '20-05-2022:21:40:42:375682', 'Gyro1': '90.0', 'Vx1': '0.0', 'Vy1': '0.0', 'Vz1': '0.0', 'Vm1': '0.0', 'Ax1': '0.0', 'Ay1': '0.0', 'Az1': '0.0', 'Gyro2': '73.50419169706743', 'Vx2': '0.0', 'Vy2': '0.0', 'Vz2': '0.0', 'Vm2': '0.0', 'Ax2': '0.0', 'Ay2': '0.0', 'Az2': '0.0'}"
"{'Timestamp': '20-05-2022:21:40:42:386177', 'Gyro1': '90.0', 'Vx1': '0.0', 'Vy1': '0.0', 'Vz1': '0.0', 'Vm1': '0.0', 'Ax1': '0.0', 'Ay1': '0.0', 'Az1': '0.0', 'Gyro2': '73.50419169706743', 'Vx2': '0.0', 'Vy2': '0.0', 'Vz2': '0.0', 'Vm2': '0.0', 'Ax2': '0.0', 'Ay2': '0.0', 'Az2': '0.0'}"
"{'Timestamp': '20-05-2022:21:40:42:397043', 'Gyro1': '90.0', 'Vx1': '0.0', 'Vy1': '0.0', 'Vz1': '0.0', 'Vm1': '0.0', 'Ax1': '0.0', 'Ay1': '0.0', 'Az1': '0.0', 'Gyro2': '73.50419169706743', 'Vx2': '0.0', 'Vy2': '0.0', 'Vz2': '0.0', 'Vm2': '0.0', 'Ax2': '0.0', 'Ay2': '0.0', 'Az2': '0.0'}"
"{'Timestamp': '20-05-2022:21:40:42:407914', 'Gyro1': '90.0', 'Vx1': '0.0', 'Vy1': '0.0', 'Vz1': '0.0', 'Vm1': '0.0', 'Ax1': '0.0', 'Ay1': '0.0', 'Az1': '0.0', 'Gyro2': '73.50419169706743', 'Vx2': '0.0', 'Vy2': '0.0', 'Vz2': '0.0', 'Vm2': '0.0', 'Ax2': '0.0', 'Ay2': '0.0', 'Az2': '0.0'}"
"{'Timestamp': '20-05-2022:21:40:42:416904', 'Gyro1': '90.0', 'Vx1': '0.0', 'Vy1': '0.0', 'Vz1': '0.0', 'Vm1': '0.0', 'Ax1': '0.0', 'Ay1': '0.0', 'Az1': '0.0', 'Gyro2': '73.50419169706743', 'Vx2': '0.0', 'Vy2': '0.0', 'Vz2': '0.0', 'Vm2': '0.0', 'Ax2': '0.0', 'Ay2': '0.0', 'Az2': '0.0'}"
"{'Timestamp': '20-05-2022:21:40:42:425953', 'Gyro1': '90.0', 'Vx1': '0.0', 'Vy1': '0.0', 'Vz1': '0.0', 'Vm1': '0.0', 'Ax1': '0.0', 'Ay1': '0.0', 'Az1': '0.0', 'Gyro2': '73.50419169706743', 'Vx2': '0.0', 'Vy2': '0.0', 'Vz2': '0.0', 'Vm2': '0.0', 'Ax2': '0.0', 'Ay2': '0.0', 'Az2': '0.0'}"
"{'Timestamp': '20-05-2022:21:40:42:437265', 'Gyro1': '90.0', 'Vx1': '0.0', 'Vy1': '0.0', 'Vz1': '0.0', 'Vm1': '0.0', 'Ax1': '0.0', 'Ay1': '0.0', 'Az1': '0.0', 'Gyro2': '73.50419169706743', 'Vx2': '0.0', 'Vy2': '0.0', 'Vz2': '0.0', 'Vm2': '0.0', 'Ax2': '0.0', 'Ay2': '0.0', 'Az2': '0.0'}"
"{'Timestamp': '20-05-2022:21:40:42:448328', 'Gyro1': '90.0', 'Vx1': '0.0', 'Vy1': '0.0', 'Vz1': '0.0', 'Vm1': '0.0', 'Ax1': '0.0', 'Ay1': '0.0', 'Az1': '0.0', 'Gyro2': '73.50419169706743', 'Vx2': '0.0', 'Vy2': '0.0', 'Vz2': '0.0', 'Vm2': '0.0', 'Ax2': '0.0', 'Ay2': '0.0', 'Az2': '0.0'}"
"{'Timestamp': '20-05-2022:21:40:42:455505', 'Gyro1': '90.0', 'Vx1': '0.0', 'Vy1': '0.0', 'Vz1': '0.0', 'Vm1': '0.0', 'Ax1': '0.0', 'Ay1': '0.0', 'Az1': '0.0', 'Gyro2': '73.50419169706743', 'Vx2': '0.0', 'Vy2': '0.0', 'Vz2': '0.0', 'Vm2': '0.0', 'Ax2': '0.0', 'Ay2': '0.0', 'Az2': '0.0'}"
"{'Timestamp': '20-05-2022:21:40:42:465808', 'Gyro1': '90.0', 'Vx1': '0.0', 'Vy1': '0.0', 'Vz1': '0.0', 'Vm1': '0.0', 'Ax1': '0.0', 'Ay1': '0.0', 'Az1': '0.0', 'Gyro2': '73.50419169706743', 'Vx2': '0.0', 'Vy2': '0.0', 'Vz2': '0.0', 'Vm2': '0.0', 'Ax2': '0.0', 'Ay2': '0.0', 'Az2': '0.0'}"
"{'Timestamp': '20-05-2022:21:40:42:476321', 'Gyro1': '90.0', 'Vx1': '0.0', 'Vy1': '0.0', 'Vz1': '0.0', 'Vm1': '0.0', 'Ax1': '0.0', 'Ay1': '0.0', 'Az1': '0.0', 'Gyro2': '73.50419169706743', 'Vx2': '0.0', 'Vy2': '0.0', 'Vz2': '0.0', 'Vm2': '0.0', 'Ax2': '0.0', 'Ay2': '0.0', 'Az2': '0.0'}"
"{'Timestamp': '20-05-2022:21:40:42:488657', 'Gyro1': '90.0', 'Vx1': '0.0', 'Vy1': '0.0', 'Vz1': '0.0', 'Vm1': '0.0', 'Ax1': '0.0', 'Ay1': '0.0', 'Az1': '0.0', 'Gyro2': '73.50419169706743', 'Vx2': '0.0', 'Vy2': '0.0', 'Vz2': '0.0', 'Vm2': '0.0', 'Ax2': '0.0', 'Ay2': '0.0', 'Az2': '0.0'}"
"{'Timestamp': '20-05-2022:21:40:42:496537', 'Gyro1': '90.0', 'Vx1': '0.0', 'Vy1': '0.0', 'Vz1': '0.0', 'Vm1': '0.0', 'Ax1': '0.0', 'Ay1': '0.0', 'Az1': '0.0', 'Gyro2': '73.50419169706743', 'Vx2': '0.0', 'Vy2': '0.0', 'Vz2': '0.0', 'Vm2': '0.0', 'Ax2': '0.0', 'Ay2': '0.0', 'Az2': '0.0'}"
"{'Timestamp': '20-05-2022:21:40:42:505776', 'Gyro1': '90.0', 'Vx1': '0.0', 'Vy1': '0.0', 'Vz1': '0.0', 'Vm1': '0.0', 'Ax1': '0.0', 'Ay1': '0.0', 'Az1': '0.0', 'Gyro2': '73.50419169706743', 'Vx2': '0.0', 'Vy2': '0.0', 'Vz2': '0.0', 'Vm2': '0.0', 'Ax2': '0.0', 'Ay2': '0.0', 'Az2': '0.0'}"
"{'Timestamp': '20-05-2022:21:40:42:516314', 'Gyro1': '90.0', 'Vx1': '0.0', 'Vy1': '0.0', 'Vz1': '0.0', 'Vm1': '0.0', 'Ax1': '0.0', 'Ay1': '0.0', 'Az1': '0.0', 'Gyro2': '73.50419169706743', 'Vx2': '0.0', 'Vy2': '0.0', 'Vz2': '0.0', 'Vm2': '0.0', 'Ax2': '0.0', 'Ay2': '0.0', 'Az2': '0.0'}"
"{'Timestamp': '20-05-2022:21:40:42:527351', 'Gyro1': '90.0', 'Vx1': '0.0', 'Vy1': '0.0', 'Vz1': '0.0', 'Vm1': '0.0', 'Ax1': '0.0', 'Ay1': '0.0', 'Az1': '0.0', 'Gyro2': '73.50419169706743', 'Vx2': '0.0', 'Vy2': '0.0', 'Vz2': '0.0', 'Vm2': '0.0', 'Ax2': '0.0', 'Ay2': '0.0', 'Az2': '0.0'}"
"{'Timestamp': '20-05-2022:21:40:42:535821', 'Gyro1': '90.0', 'Vx1': '0.0', 'Vy1': '0.0', 'Vz1': '0.0', 'Vm1': '0.0', 'Ax1': '0.0', 'Ay1': '0.0', 'Az1': '0.0', 'Gyro2': '73.50419169706743', 'Vx2': '0.0', 'Vy2': '0.0', 'Vz2': '0.0', 'Vm2': '0.0', 'Ax2': '0.0', 'Ay2': '0.0', 'Az2': '0.0'}"
"{'Timestamp': '20-05-2022:21:40:42:545771', 'Gyro1': '90.0', 'Vx1': '0.0', 'Vy1': '0.0', 'Vz1': '0.0', 'Vm1': '0.0', 'Ax1': '0.0', 'Ay1': '0.0', 'Az1': '0.0', 'Gyro2': '73.50419169706743', 'Vx2': '0.0', 'Vy2': '0.0', 'Vz2': '0.0', 'Vm2': '0.0', 'Ax2': '0.0', 'Ay2': '0.0', 'Az2': '0.0'}"
"{'Timestamp': '20-05-2022:21:40:42:557916', 'Gyro1': '90.0', 'Vx1': '0.0', 'Vy1': '0.0', 'Vz1': '0.0', 'Vm1': '0.0', 'Ax1': '0.0', 'Ay1': '0.0', 'Az1': '0.0', 'Gyro2': '73.50419169706743', 'Vx2': '0.0', 'Vy2': '0.0', 'Vz2': '0.0', 'Vm2': '0.0', 'Ax2': '0.0', 'Ay2': '0.0', 'Az2': '0.0'}"
"{'Timestamp': '20-05-2022:21:40:42:567458', 'Gyro1': '90.0', 'Vx1': '0.0', 'Vy1': '0.0', 'Vz1': '0.0', 'Vm1': '0.0', 'Ax1': '0.0', 'Ay1': '0.0', 'Az1': '0.0', 'Gyro2': '73.50419169706743', 'Vx2': '0.0', 'Vy2': '0.0', 'Vz2': '0.0', 'Vm2': '0.0', 'Ax2': '0.0', 'Ay2': '0.0', 'Az2': '0.0'}"
"{'Timestamp': '20-05-2022:21:40:42:577071', 'Gyro1': '90.0', 'Vx1': '0.0', 'Vy1': '0.0', 'Vz1': '0.0', 'Vm1': '0.0', 'Ax1': '0.0', 'Ay1': '0.0', 'Az1': '0.0', 'Gyro2': '73.50419169706743', 'Vx2': '0.0', 'Vy2': '0.0', 'Vz2': '0.0', 'Vm2': '0.0', 'Ax2': '0.0', 'Ay2': '0.0', 'Az2': '0.0'}"
"{'Timestamp': '20-05-2022:21:40:42:586480', 'Gyro1': '90.0', 'Vx1': '0.0', 'Vy1': '0.0', 'Vz1': '0.0', 'Vm1': '0.0', 'Ax1': '0.0', 'Ay1': '0.0', 'Az1': '0.0', 'Gyro2': '73.50419169706743', 'Vx2': '0.0', 'Vy2': '0.0', 'Vz2': '0.0', 'Vm2': '0.0', 'Ax2': '0.0', 'Ay2': '0.0', 'Az2': '0.0'}"
"{'Timestamp': '20-05-2022:21:40:42:596252', 'Gyro1': '90.0', 'Vx1': '0.0', 'Vy1': '0.0', 'Vz1': '0.0', 'Vm1': '0.0', 'Ax1': '0.0', 'Ay1': '0.0', 'Az1': '0.0', 'Gyro2': '73.50419169706743', 'Vx2': '0.0', 'Vy2': '0.0', 'Vz2': '0.0', 'Vm2': '0.0', 'Ax2': '0.0', 'Ay2': '0.0', 'Az2': '0.0'}"
"{'Timestamp': '20-05-2022:21:40:42:607533', 'Gyro1': '90.0', 'Vx1': '0.0', 'Vy1': '0.0', 'Vz1': '0.0', 'Vm1': '0.0', 'Ax1': '0.0', 'Ay1': '0.0', 'Az1': '0.0', 'Gyro2': '73.50419169706743', 'Vx2': '0.0', 'Vy2': '0.0', 'Vz2': '0.0', 'Vm2': '0.0', 'Ax2': '0.0', 'Ay2': '0.0', 'Az2': '0.0'}"
"{'Timestamp': '20-05-2022:21:40:42:616337', 'Gyro1': '90.0', 'Vx1': '0.0', 'Vy1': '0.0', 'Vz1': '0.0', 'Vm1': '0.0', 'Ax1': '0.0', 'Ay1': '0.0', 'Az1': '0.0', 'Gyro2': '73.50419169706743', 'Vx2': '0.0', 'Vy2': '0.0', 'Vz2': '0.0', 'Vm2': '0.0', 'Ax2': '0.0', 'Ay2': '0.0', 'Az2': '0.0'}"
"{'Timestamp': '20-05-2022:21:40:42:626063', 'Gyro1': '90.0', 'Vx1': '0.0', 'Vy1': '0.0', 'Vz1': '0.0', 'Vm1': '0.0', 'Ax1': '0.0', 'Ay1': '0.0', 'Az1': '0.0', 'Gyro2': '73.50419169706743', 'Vx2': '0.0', 'Vy2': '0.0', 'Vz2': '0.0', 'Vm2': '0.0', 'Ax2': '0.0', 'Ay2': '0.0', 'Az2': '0.0'}"
